"","id","group","allele_count","anc_prop"
"1","-AZH","non-transloc",100000,1
"2","-AZO","non-transloc",100000,1
"3","-AZW","non-transloc",100000,1
"4","-BZA","non-transloc",100000,1
"5","-CZB","non-transloc",100000,1
"6","-CZC","non-transloc",100000,1
"7","-CZG","non-transloc",100000,1
"8","-CZP","non-transloc",100000,1
"9","-GZO","non-transloc",100000,1
"10","-HZA","non-transloc",100000,1
"11","-HZB","non-transloc",100000,1
"12","-HZW","non-transloc",100000,1
"13","-LZG","non-transloc",100000,1
"14","-OZB","non-transloc",100000,1
"15","-OZC","non-transloc",100000,1
"16","-OZG","non-transloc",100000,1
"17","-OZP","non-transloc",100000,1
"18","-PAZ","non-transloc",100000,1
"19","-PZL","non-transloc",100000,1
"20","-PZP","non-transloc",100000,1
"21","-PZS","non-transloc",100000,1
"22","-PZW","non-transloc",100000,1
"23","-SZH","non-transloc",100000,1
"24","-WOZ","non-transloc",100000,1
"25","-WZG","non-transloc",100000,1
"26","-YBZ","non-transloc",100000,1
"27","-YZG","ANF",50000,0.5
"28","-YZG","non-transloc",50000,0.5
"29","-YZO","non-transloc",100000,1
"30","-ZAP","non-transloc",100000,1
"31","-ZBB","non-transloc",100000,1
"32","-ZBL","non-transloc",100000,1
"33","-ZBO","FTB",50000,0.5
"34","-ZBO","non-transloc",50000,0.5
"35","-ZBY","non-transloc",100000,1
"36","-ZCB","non-transloc",100000,1
"37","-ZCY","ANF",50000,0.5
"38","-ZCY","non-transloc",50000,0.5
"39","-ZHL","ANF",50000,0.5
"40","-ZHL","non-transloc",50000,0.5
"41","-ZHO","FTB",50000,0.5
"42","-ZHO","non-transloc",50000,0.5
"43","-ZLB","non-transloc",100000,1
"44","-ZLG","non-transloc",100000,1
"45","-ZLO","non-transloc",100000,1
"46","-ZLP","non-transloc",100000,1
"47","-ZOC","non-transloc",100000,1
"48","-ZOG","ANF",50000,0.5
"49","-ZOG","non-transloc",50000,0.5
"50","-ZOY","ANF",50000,0.5
"51","-ZOY","non-transloc",50000,0.5
"52","-ZPB","non-transloc",100000,1
"53","-ZPH","non-transloc",100000,1
"54","-ZSA","non-transloc",100000,1
"55","-ZWG","non-transloc",100000,1
"56","-ZWH","non-transloc",100000,1
"57","-ZWP","ANF",75025,0.75025
"58","-ZWP","non-transloc",24975,0.24975
"59","-ZWS","non-transloc",100000,1
"60","-ZYA","FTB",50000,0.5
"61","-ZYA","non-transloc",50000,0.5
"62","-ZYS","non-transloc",100000,1
"63","1032","ANF",43740,0.4374
"64","1032","ONF",50000,0.5
"65","1032","non-transloc",6260,0.0626
"66","1033","ANF",43734,0.43734
"67","1033","ONF",50000,0.5
"68","1033","non-transloc",6266,0.06266
"69","1042","ANF",12675,0.12675
"70","1042","FTS",12499,0.12499
"71","1042","non-transloc",74826,0.74826
"72","1076","ANF",74947,0.74947
"73","1076","non-transloc",25053,0.25053
"74","1077","ANF",74884,0.74884
"75","1077","non-transloc",25116,0.25116
"76","1080","ANF",18724,0.18724
"77","1080","CBJTC",6311,0.06311
"78","1080","FTS",62320,0.6232
"79","1080","non-transloc",12645,0.12645
"80","1089","ANF",37491,0.37491
"81","1089","ONF",50000,0.5
"82","1089","non-transloc",12509,0.12509
"83","1090","ANF",12524,0.12524
"84","1090","FTS",12361,0.12361
"85","1090","non-transloc",75115,0.75115
"86","1117","ANF",37508,0.37508
"87","1117","FTS",12401,0.12401
"88","1117","non-transloc",50091,0.50091
"89","1119","ANF",34307,0.34307
"90","1119","CBJTC",6300,0.063
"91","1119","FTS",25081,0.25081
"92","1119","non-transloc",34312,0.34312
"93","1154","ANF",21843,0.21843
"94","1154","FTS",12443,0.12443
"95","1154","non-transloc",65714,0.65714
"96","1157","ANF",12576,0.12576
"97","1157","non-transloc",87424,0.87424
"98","1210","ANF",6181,0.06181
"99","1210","non-transloc",93819,0.93819
"100","1211","ANF",40829,0.40829
"101","1211","non-transloc",59171,0.59171
"102","1212","ANF",40730,0.4073
"103","1212","non-transloc",59270,0.5927
"104","1213","ANF",18559,0.18559
"105","1213","FTS",12440,0.1244
"106","1213","non-transloc",69001,0.69001
"107","1214","ANF",37430,0.3743
"108","1214","ONF",50000,0.5
"109","1214","non-transloc",12570,0.1257
"110","1215","ANF",37522,0.37522
"111","1215","ONF",50000,0.5
"112","1215","non-transloc",12478,0.12478
"113","1217","ANF",31111,0.31111
"114","1217","CBJTC",12648,0.12648
"115","1217","non-transloc",56241,0.56241
"116","483","ANF",50000,0.5
"117","483","non-transloc",50000,0.5
"118","798","ANF",31024,0.31024
"119","798","FTS",12439,0.12439
"120","798","non-transloc",56537,0.56537
"121","838","non-transloc",100000,1
"122","849","ANF",6260,0.0626
"123","849","FTS",50000,0.5
"124","849","non-transloc",43740,0.4374
"125","861","ANF",18898,0.18898
"126","861","FTS",50000,0.5
"127","861","non-transloc",31102,0.31102
"128","886","ANF",24953,0.24953
"129","886","FTS",50000,0.5
"130","886","non-transloc",25047,0.25047
"131","903","ANF",12580,0.1258
"132","903","FTS",24923,0.24923
"133","903","non-transloc",62497,0.62497
"134","924","ONF",100000,1
"135","927","ANF",12455,0.12455
"136","927","FTS",25042,0.25042
"137","927","non-transloc",62503,0.62503
"138","941","ANF",9593,0.09593
"139","941","non-transloc",90407,0.90407
"140","964","ANF",18870,0.1887
"141","964","FTS",50000,0.5
"142","964","non-transloc",31130,0.3113
"143","967","ANF",37423,0.37423
"144","967","FTS",12430,0.1243
"145","967","non-transloc",50147,0.50147
"146","A-Z","ANF",18773,0.18773
"147","A-Z","FTS",37399,0.37399
"148","A-Z","non-transloc",43828,0.43828
"149","AA-Z","non-transloc",100000,1
"150","AA-ZB","non-transloc",100000,1
"151","AA-ZS","non-transloc",100000,1
"152","AAA-Z","ANF",100000,1
"153","AAL-ZO","FTS",100000,1
"154","AB-Z","non-transloc",100000,1
"155","AB-ZG","non-transloc",100000,1
"156","ABA-Z","non-transloc",100000,1
"157","ABC-Z","ANF",50000,0.5
"158","ABC-Z","non-transloc",50000,0.5
"159","ABL-Z","ANF",37581,0.37581
"160","ABL-Z","FTB",25112,0.25112
"161","ABL-Z","non-transloc",37307,0.37307
"162","ABW-Z","non-transloc",100000,1
"163","ABY-Z","ANF",24906,0.24906
"164","ABY-Z","non-transloc",75094,0.75094
"165","ABZ-","non-transloc",100000,1
"166","AC-Z","non-transloc",100000,1
"167","AC-ZB","non-transloc",100000,1
"168","ACA-Z","non-transloc",100000,1
"169","ACZ-","non-transloc",100000,1
"170","AG-Z","non-transloc",100000,1
"171","AGP-Z","ANF",50000,0.5
"172","AGP-Z","non-transloc",50000,0.5
"173","AHA-Z","ANF",37585,0.37585
"174","AHA-Z","FTB",25140,0.2514
"175","AHA-Z","non-transloc",37275,0.37275
"176","AHG-Z","ANF",24992,0.24992
"177","AHG-Z","non-transloc",75008,0.75008
"178","AHO-Z","non-transloc",100000,1
"179","AHW-Z","ANF",50000,0.5
"180","AHW-Z","non-transloc",50000,0.5
"181","AKB-Z","non-transloc",100000,1
"182","AKP-Z","non-transloc",100000,1
"183","AL-Z","non-transloc",100000,1
"184","AL-ZA","non-transloc",100000,1
"185","ALG-Z","non-transloc",100000,1
"186","ALL-Z","non-transloc",100000,1
"187","ALO-Z","ANF",25050,0.2505
"188","ALO-Z","non-transloc",74950,0.7495
"189","AO-Z","ANF",50000,0.5
"190","AO-Z","non-transloc",50000,0.5
"191","AO-ZP","non-transloc",100000,1
"192","AOK-Z","ANF",74755,0.74755
"193","AOK-Z","non-transloc",25245,0.25245
"194","AOW-Z","ANF",24910,0.2491
"195","AOW-Z","non-transloc",75090,0.7509
"196","AP-Z","ANF",74910,0.7491
"197","AP-Z","non-transloc",25090,0.2509
"198","APH-Z","ANF",50000,0.5
"199","APH-Z","non-transloc",50000,0.5
"200","APL-Z","ANF",24812,0.24812
"201","APL-Z","non-transloc",75188,0.75188
"202","ASL-Z","FTB",24848,0.24848
"203","ASL-Z","non-transloc",75152,0.75152
"204","AW-Z","non-transloc",100000,1
"205","AWA-Z","ANF",74768,0.74768
"206","AWA-Z","non-transloc",25232,0.25232
"207","AWG-Z","ANF",25025,0.25025
"208","AWG-Z","non-transloc",74975,0.74975
"209","AWL-Z","non-transloc",100000,1
"210","AY-Z","non-transloc",100000,1
"211","AY-ZP","non-transloc",100000,1
"212","AYH-Z","ANF",50000,0.5
"213","AYH-Z","non-transloc",50000,0.5
"214","AZ-B","non-transloc",100000,1
"215","AZ-GBO","non-transloc",100000,1
"216","AZ-L","non-transloc",100000,1
"217","AZ-W","non-transloc",100000,1
"218","AZ-Y","non-transloc",100000,1
"219","AZ-YL","non-transloc",100000,1
"220","B-Z","non-transloc",100000,1
"221","B-ZY","ANF",50000,0.5
"222","B-ZY","non-transloc",50000,0.5
"223","BA-CZ","non-transloc",100000,1
"224","BA-Z","non-transloc",100000,1
"225","BA-ZC","non-transloc",100000,1
"226","BA-ZL","non-transloc",100000,1
"227","BAB-Z","ANF",12709,0.12709
"228","BAB-Z","non-transloc",87291,0.87291
"229","BAC-Z","ANF",62535,0.62535
"230","BAC-Z","non-transloc",37465,0.37465
"231","BAG-Z","ANF",6342,0.06342
"232","BAG-Z","FTS",50000,0.5
"233","BAG-Z","non-transloc",43658,0.43658
"234","BAO-Z","ANF",6297,0.06297
"235","BAO-Z","non-transloc",93703,0.93703
"236","BAW-Z","ANF",50000,0.5
"237","BAW-Z","CBJTC",25158,0.25158
"238","BAW-Z","non-transloc",24842,0.24842
"239","BAY-Z","ANF",75128,0.75128
"240","BAY-Z","non-transloc",24872,0.24872
"241","BB-Z","non-transloc",100000,1
"242","BB-ZB","non-transloc",100000,1
"243","BBA-Z","ANF",37373,0.37373
"244","BBA-Z","non-transloc",62627,0.62627
"245","BC-ZC","non-transloc",100000,1
"246","BC-ZY","non-transloc",100000,1
"247","BCA-Z","ANF",25087,0.25087
"248","BCA-Z","FTS",50000,0.5
"249","BCA-Z","non-transloc",24913,0.24913
"250","BCH-Z","ANF",25029,0.25029
"251","BCH-Z","FTS",50000,0.5
"252","BCH-Z","non-transloc",24971,0.24971
"253","BCW-Z","non-transloc",100000,1
"254","BGB-OZ","FTS",100000,1
"255","BGH-Z","ANF",25085,0.25085
"256","BGH-Z","FTS",50000,0.5
"257","BGH-Z","non-transloc",24915,0.24915
"258","BHH-Z","ANF",37615,0.37615
"259","BHH-Z","FTS",25120,0.2512
"260","BHH-Z","non-transloc",37265,0.37265
"261","BHL-Z","ANF",24828,0.24828
"262","BHL-Z","non-transloc",75172,0.75172
"263","BHO-BZ","FTS",100000,1
"264","BHS-Z","ANF",12452,0.12452
"265","BHS-Z","non-transloc",87548,0.87548
"266","BHZ-","non-transloc",100000,1
"267","BKH-Z","ANF",37641,0.37641
"268","BKH-Z","FTB",25084,0.25084
"269","BKH-Z","non-transloc",37275,0.37275
"270","BKW-Z","ANF",87426,0.87426
"271","BKW-Z","non-transloc",12574,0.12574
"272","BKY-Z","ANF",31209,0.31209
"273","BKY-Z","FTS",12406,0.12406
"274","BKY-Z","non-transloc",56385,0.56385
"275","BL-Z","non-transloc",100000,1
"276","BL-ZC","non-transloc",100000,1
"277","BL-ZO","non-transloc",100000,1
"278","BL=Z","non-transloc",100000,1
"279","BLG-Z","ANF",12438,0.12438
"280","BLG-Z","non-transloc",87562,0.87562
"281","BLK-Z","non-transloc",100000,1
"282","BLO-Z","ANF",37606,0.37606
"283","BLO-Z","FTS",24867,0.24867
"284","BLO-Z","non-transloc",37527,0.37527
"285","BLP-Z","ANF",24789,0.24789
"286","BLP-Z","FTS",24894,0.24894
"287","BLP-Z","non-transloc",50317,0.50317
"288","BLW-Z","ANF",12521,0.12521
"289","BLW-Z","non-transloc",87479,0.87479
"290","BLY-Z","ANF",74796,0.74796
"291","BLY-Z","non-transloc",25204,0.25204
"292","BO-Z","non-transloc",100000,1
"293","BOB-Z","ANF",75097,0.75097
"294","BOB-Z","non-transloc",24903,0.24903
"295","BOK-Z","ANF",12438,0.12438
"296","BOK-Z","FTS",24948,0.24948
"297","BOK-Z","non-transloc",62614,0.62614
"298","BOL-Z","ANF",50000,0.5
"299","BOL-Z","non-transloc",50000,0.5
"300","BOP-Z","ANF",24962,0.24962
"301","BOP-Z","FTS",25017,0.25017
"302","BOP-Z","non-transloc",50021,0.50021
"303","BOS-Z","ANF",24996,0.24996
"304","BOS-Z","FTS",25149,0.25149
"305","BOS-Z","non-transloc",49855,0.49855
"306","BOY-Z","ANF",24745,0.24745
"307","BOY-Z","FTS",24842,0.24842
"308","BOY-Z","non-transloc",50413,0.50413
"309","BP-Z","non-transloc",100000,1
"310","BP-ZC","non-transloc",100000,1
"311","BPA-Z","ANF",24908,0.24908
"312","BPA-Z","FTS",50000,0.5
"313","BPA-Z","non-transloc",25092,0.25092
"314","BPO-Z","ANF",12665,0.12665
"315","BPO-Z","non-transloc",87335,0.87335
"316","BPY-Z","ANF",12271,0.12271
"317","BPY-Z","FTS",25369,0.25369
"318","BPY-Z","non-transloc",62360,0.6236
"319","BSP-Z","ANF",87482,0.87482
"320","BSP-Z","non-transloc",12518,0.12518
"321","BSY-Z","ANF",50000,0.5
"322","BSY-Z","CBJTC",24921,0.24921
"323","BSY-Z","non-transloc",25079,0.25079
"324","BW-OWW","FTS",100000,1
"325","BWG-Z","ANF",24989,0.24989
"326","BWG-Z","FTS",25015,0.25015
"327","BWG-Z","non-transloc",49996,0.49996
"328","BWH-Z","ANF",62442,0.62442
"329","BWH-Z","non-transloc",37558,0.37558
"330","BWO-Z","ANF",56494,0.56494
"331","BWO-Z","non-transloc",43506,0.43506
"332","BWY-Z","ANF",21839,0.21839
"333","BWY-Z","FTS",24996,0.24996
"334","BWY-Z","non-transloc",53165,0.53165
"335","BY-Z","non-transloc",100000,1
"336","BYG-Z","ANF",12490,0.1249
"337","BYG-Z","non-transloc",87510,0.8751
"338","BYK-Z","ANF",25012,0.25012
"339","BYK-Z","FTS",50000,0.5
"340","BYK-Z","non-transloc",24988,0.24988
"341","BYS-Z","ANF",12392,0.12392
"342","BYS-Z","FTS",50000,0.5
"343","BYS-Z","non-transloc",37608,0.37608
"344","BYZ-","non-transloc",100000,1
"345","BZ-A","non-transloc",100000,1
"346","BZ-B","non-transloc",100000,1
"347","BZ-HOW","non-transloc",100000,1
"348","BZ-HYB","ONF",100000,1
"349","BZ-O","non-transloc",100000,1
"350","BZ-OKW","WSF-CITRUS",100000,1
"351","BZ-OYK","WSF-CITRUS",100000,1
"352","BZ-Y","non-transloc",100000,1
"353","CA-Z","non-transloc",100000,1
"354","CA-ZC","non-transloc",100000,1
"355","CA-ZY","non-transloc",100000,1
"356","CAP-Z","ANF",30742,0.30742
"357","CAP-Z","FTS",12569,0.12569
"358","CAP-Z","non-transloc",56689,0.56689
"359","CAZ-","non-transloc",100000,1
"360","CG-ZB","non-transloc",100000,1
"361","CG-ZG","non-transloc",100000,1
"362","CL-ZB","non-transloc",100000,1
"363","CL-ZW","non-transloc",100000,1
"364","CLZ-","non-transloc",100000,1
"365","CO-Z","ANF",50000,0.5
"366","CO-Z","non-transloc",50000,0.5
"367","COB-Z","ANF",62384,0.62384
"368","COB-Z","non-transloc",37616,0.37616
"369","CP-CZ","ANF",56460,0.5646
"370","CP-CZ","non-transloc",43540,0.4354
"371","CP-WZ","non-transloc",100000,1
"372","CP-ZL","non-transloc",100000,1
"373","CPZ-","non-transloc",100000,1
"374","CW-ZG","non-transloc",100000,1
"375","CWH-Z","ANF",12331,0.12331
"376","CWH-Z","FTS",50000,0.5
"377","CWH-Z","non-transloc",37669,0.37669
"378","CZ-A","non-transloc",100000,1
"379","CZ-C","non-transloc",100000,1
"380","CZ-L","non-transloc",100000,1
"381","FZ-FAF","FTS",100000,1
"382","FemaleID_1","non-transloc",100000,1
"383","FemaleID_2","non-transloc",100000,1
"384","FemaleID_3","non-transloc",100000,1
"385","FemaleID_4","non-transloc",100000,1
"386","FemaleID_5","non-transloc",100000,1
"387","G-PZ","ANF",50000,0.5
"388","G-PZ","non-transloc",50000,0.5
"389","G-Z","ANF",25234,0.25234
"390","G-Z","non-transloc",74766,0.74766
"391","GA-Z","non-transloc",100000,1
"392","GAB-ZG","ANF",100000,1
"393","GAP-Z","ANF",50000,0.5
"394","GAP-Z","non-transloc",50000,0.5
"395","GAP=Z","non-transloc",100000,1
"396","GAS-Z","ANF",25209,0.25209
"397","GAS-Z","non-transloc",74791,0.74791
"398","GB-Z","non-transloc",100000,1
"399","GB=Z","non-transloc",100000,1
"400","GBA-Z","non-transloc",100000,1
"401","GBK-PZ","ANF",100000,1
"402","GBP-Z","ANF",49827,0.49827
"403","GBP-Z","non-transloc",50173,0.50173
"404","GCL-Z","ANF",50000,0.5
"405","GCL-Z","non-transloc",50000,0.5
"406","GCP-Z","ANF",25125,0.25125
"407","GCP-Z","non-transloc",74875,0.74875
"408","GCW-Z","ANF",37392,0.37392
"409","GCW-Z","non-transloc",62608,0.62608
"410","GG-Z","non-transloc",100000,1
"411","GG-ZG","non-transloc",100000,1
"412","GG-ZP","non-transloc",100000,1
"413","GG-ZS","non-transloc",100000,1
"414","GGA-Z","ANF",50000,0.5
"415","GGA-Z","non-transloc",50000,0.5
"416","GGG-LZ","FTS",100000,1
"417","GGY-Z","FTS",50000,0.5
"418","GGY-Z","non-transloc",50000,0.5
"419","GGZ-","non-transloc",100000,1
"420","GH-Z","non-transloc",100000,1
"421","GHB-Z","ANF",12475,0.12475
"422","GHB-Z","non-transloc",87525,0.87525
"423","GHL-Z","ANF",100000,1
"424","GHO-Z","non-transloc",100000,1
"425","GKH-Z","ANF",37511,0.37511
"426","GKH-Z","FTB",25080,0.2508
"427","GKH-Z","non-transloc",37409,0.37409
"428","GKK-Z","ANF",37505,0.37505
"429","GKK-Z","non-transloc",62495,0.62495
"430","GKL-Z","ANF",37652,0.37652
"431","GKL-Z","non-transloc",62348,0.62348
"432","GKS-Z","ANF",75084,0.75084
"433","GKS-Z","non-transloc",24916,0.24916
"434","GL-Z","non-transloc",100000,1
"435","GL-ZP","non-transloc",100000,1
"436","GLB-Z","ANF",74900,0.749
"437","GLB-Z","non-transloc",25100,0.251
"438","GLC-Z","ANF",50000,0.5
"439","GLC-Z","non-transloc",50000,0.5
"440","GLO-Z","ANF",24923,0.24923
"441","GLO-Z","non-transloc",75077,0.75077
"442","GLY-Z","ANF",37296,0.37296
"443","GLY-Z","non-transloc",62704,0.62704
"444","GO-ZB","non-transloc",100000,1
"445","GO-ZO","non-transloc",100000,1
"446","GO-ZP","non-transloc",100000,1
"447","GOC-Z","ANF",49895,0.49895
"448","GOC-Z","non-transloc",50105,0.50105
"449","GOG-Z","ANF",75041,0.75041
"450","GOG-Z","non-transloc",24959,0.24959
"451","GOK-Z","ANF",37502,0.37502
"452","GOK-Z","non-transloc",62498,0.62498
"453","GOS-Z","ANF",37477,0.37477
"454","GOS-Z","FTB",24699,0.24699
"455","GOS-Z","non-transloc",37824,0.37824
"456","GOY-Z","CBJTC",50000,0.5
"457","GOY-Z","non-transloc",50000,0.5
"458","GOZ-","non-transloc",100000,1
"459","GP-ZP","non-transloc",100000,1
"460","GPG-Z","non-transloc",100000,1
"461","GPH-Z","non-transloc",100000,1
"462","GPS-Z","non-transloc",100000,1
"463","GPW-Z","ANF",12729,0.12729
"464","GPW-Z","non-transloc",87271,0.87271
"465","GS-Z","non-transloc",100000,1
"466","GS-ZH","non-transloc",100000,1
"467","GS-ZO","non-transloc",100000,1
"468","GS-ZY","non-transloc",100000,1
"469","GS=Z","non-transloc",100000,1
"470","GSH-Z","ANF",25011,0.25011
"471","GSH-Z","non-transloc",74989,0.74989
"472","GSW-Z","FTS",50000,0.5
"473","GSW-Z","non-transloc",50000,0.5
"474","GSY-Z","non-transloc",100000,1
"475","GW-ZW","non-transloc",100000,1
"476","GWC-Z","ANF",75007,0.75007
"477","GWC-Z","non-transloc",24993,0.24993
"478","GWH-YZ","non-transloc",100000,1
"479","GWK-Z","ANF",24999,0.24999
"480","GWK-Z","non-transloc",75001,0.75001
"481","GWZ-","non-transloc",100000,1
"482","GY-ZY","non-transloc",100000,1
"483","GYB-Z","FTS",50000,0.5
"484","GYB-Z","non-transloc",50000,0.5
"485","GYG-YZ","non-transloc",100000,1
"486","GYG-Z","ANF",56632,0.56632
"487","GYG-Z","FTB",12431,0.12431
"488","GYG-Z","non-transloc",30937,0.30937
"489","GYH-Z","ANF",12656,0.12656
"490","GYH-Z","non-transloc",87344,0.87344
"491","GYK-Z","FTS",50000,0.5
"492","GYK-Z","non-transloc",50000,0.5
"493","GYL-Z","ANF",50000,0.5
"494","GYL-Z","non-transloc",50000,0.5
"495","GYP-Z","FTS",50000,0.5
"496","GYP-Z","non-transloc",50000,0.5
"497","GZ-A","non-transloc",100000,1
"498","GZ-B","non-transloc",100000,1
"499","GZ-C","non-transloc",100000,1
"500","GZ-G","non-transloc",100000,1
"501","GZ-HBP","ONF",100000,1
"502","GZ-OOK","WSF-CITRUS",100000,1
"503","GZ-WWL","FTS",100000,1
"504","HAA-Z","non-transloc",100000,1
"505","HAB-HZ","ONF",100000,1
"506","HAG-Z","ANF",50000,0.5
"507","HAG-Z","CBJTC",24999,0.24999
"508","HAG-Z","non-transloc",25001,0.25001
"509","HAH-Z","ANF",28206,0.28206
"510","HAH-Z","CBJTC",12389,0.12389
"511","HAH-Z","FTS",25036,0.25036
"512","HAH-Z","non-transloc",34369,0.34369
"513","HAK-Z","ANF",12556,0.12556
"514","HAK-Z","FTS",24924,0.24924
"515","HAK-Z","non-transloc",62520,0.6252
"516","HAS-Z","ANF",24865,0.24865
"517","HAS-Z","FTS",24642,0.24642
"518","HAS-Z","non-transloc",50493,0.50493
"519","HAY-Z","ANF",12510,0.1251
"520","HAY-Z","non-transloc",87490,0.8749
"521","HAZ-","non-transloc",100000,1
"522","HBB-Z","ANF",24966,0.24966
"523","HBB-Z","FTS",24770,0.2477
"524","HBB-Z","non-transloc",50264,0.50264
"525","HBH-Z","non-transloc",100000,1
"526","HBO-Z","non-transloc",100000,1
"527","HBP-Z","ANF",37487,0.37487
"528","HBP-Z","non-transloc",62513,0.62513
"529","HBW-Z","ANF",28004,0.28004
"530","HBW-Z","CBJTC",12571,0.12571
"531","HBW-Z","FTS",25067,0.25067
"532","HBW-Z","non-transloc",34358,0.34358
"533","HC-Z","non-transloc",100000,1
"534","HGA-Z","ANF",25015,0.25015
"535","HGA-Z","FTS",24950,0.2495
"536","HGA-Z","non-transloc",50035,0.50035
"537","HGG-Z","ANF",25207,0.25207
"538","HGG-Z","FTS",12349,0.12349
"539","HGG-Z","non-transloc",62444,0.62444
"540","HGH-Z","ANF",37543,0.37543
"541","HGH-Z","ONF",50000,0.5
"542","HGH-Z","non-transloc",12457,0.12457
"543","HGH-ZB","ONF",100000,1
"544","HGO-Z","ONF",100000,1
"545","HGS-Z","ANF",50000,0.5
"546","HGS-Z","non-transloc",50000,0.5
"547","HGW-Z","ANF",27896,0.27896
"548","HGW-Z","FTS",6290,0.0629
"549","HGW-Z","non-transloc",65814,0.65814
"550","HGY-Z","ANF",24939,0.24939
"551","HGY-Z","FTS",25030,0.2503
"552","HGY-Z","non-transloc",50031,0.50031
"553","HGZ-","non-transloc",100000,1
"554","HHA-Z","ANF",37268,0.37268
"555","HHA-Z","FTS",12626,0.12626
"556","HHA-Z","non-transloc",50106,0.50106
"557","HHG-Z","ANF",87518,0.87518
"558","HHG-Z","non-transloc",12482,0.12482
"559","HHH-Z","ANF",50000,0.5
"560","HHH-Z","CBJTC",24850,0.2485
"561","HHH-Z","non-transloc",25150,0.2515
"562","HHO-Z","ANF",75105,0.75105
"563","HHO-Z","non-transloc",24895,0.24895
"564","HHW-Z","ANF",31187,0.31187
"565","HHW-Z","FTS",25019,0.25019
"566","HHW-Z","non-transloc",43794,0.43794
"567","HHZ-","non-transloc",100000,1
"568","HKA-ZK","ONF",100000,1
"569","HKH-Z","ANF",56312,0.56312
"570","HKH-Z","FTB",12592,0.12592
"571","HKH-Z","non-transloc",31096,0.31096
"572","HKO-Z","ANF",6291,0.06291
"573","HKO-Z","FTS",25038,0.25038
"574","HKO-Z","non-transloc",68671,0.68671
"575","HKP-Z","ANF",87444,0.87444
"576","HKP-Z","non-transloc",12556,0.12556
"577","HKW-Z","ANF",21858,0.21858
"578","HKW-Z","FTS",24988,0.24988
"579","HKW-Z","non-transloc",53154,0.53154
"580","HKY-Z","ANF",74900,0.749
"581","HKY-Z","non-transloc",25100,0.251
"582","HLZ-","non-transloc",100000,1
"583","HO-LZ","ANF",50000,0.5
"584","HO-LZ","non-transloc",50000,0.5
"585","HOA-Z","ANF",37451,0.37451
"586","HOA-Z","CBJTC",12556,0.12556
"587","HOA-Z","FTS",24756,0.24756
"588","HOA-Z","non-transloc",25237,0.25237
"589","HOG-Z","ANF",12657,0.12657
"590","HOG-Z","non-transloc",87343,0.87343
"591","HOO-GZ","FTS",100000,1
"592","HOO-Z","ANF",37308,0.37308
"593","HOO-Z","non-transloc",62692,0.62692
"594","HOP-Z","ANF",37390,0.3739
"595","HOP-Z","non-transloc",62610,0.6261
"596","HOW-Z","ANF",50000,0.5
"597","HOW-Z","CBJTC",24846,0.24846
"598","HOW-Z","non-transloc",25154,0.25154
"599","HOY-Z","ANF",18861,0.18861
"600","HOY-Z","FTS",37353,0.37353
"601","HOY-Z","non-transloc",43786,0.43786
"602","HPP-Z","ANF",24966,0.24966
"603","HPP-Z","FTS",12500,0.125
"604","HPP-Z","non-transloc",62534,0.62534
"605","HPW-Z","ANF",37380,0.3738
"606","HPW-Z","FTS",12473,0.12473
"607","HPW-Z","non-transloc",50147,0.50147
"608","HPY-Z","ANF",25035,0.25035
"609","HPY-Z","FTS",24931,0.24931
"610","HPY-Z","non-transloc",50034,0.50034
"611","HPZ-","non-transloc",100000,1
"612","HS-GZ","non-transloc",100000,1
"613","HS-ZH","non-transloc",100000,1
"614","HSA-Z","ANF",12440,0.1244
"615","HSA-Z","FTS",12486,0.12486
"616","HSA-Z","WSF-CITRUS",50000,0.5
"617","HSA-Z","non-transloc",25074,0.25074
"618","HSG-Z","ANF",37362,0.37362
"619","HSG-Z","CBJTC",12448,0.12448
"620","HSG-Z","FTS",25259,0.25259
"621","HSG-Z","non-transloc",24931,0.24931
"622","HSH-Z","ANF",62556,0.62556
"623","HSH-Z","non-transloc",37444,0.37444
"624","HSP-Z","ANF",12495,0.12495
"625","HSP-Z","FTS",24940,0.2494
"626","HSP-Z","non-transloc",62565,0.62565
"627","HSS-Z","ANF",34517,0.34517
"628","HSS-Z","FTB",6058,0.06058
"629","HSS-Z","FTS",12435,0.12435
"630","HSS-Z","non-transloc",46990,0.4699
"631","HSY-Z","ANF",45399,0.45399
"632","HSY-Z","CBJTC",6206,0.06206
"633","HSY-Z","FTS",12673,0.12673
"634","HSY-Z","non-transloc",35722,0.35722
"635","HWA-Z","ANF",27808,0.27808
"636","HWA-Z","FTS",6298,0.06298
"637","HWA-Z","non-transloc",65894,0.65894
"638","HWB-Z","ANF",40802,0.40802
"639","HWB-Z","non-transloc",59198,0.59198
"640","HWG-Z","ANF",6333,0.06333
"641","HWG-Z","FTS",24923,0.24923
"642","HWG-Z","non-transloc",68744,0.68744
"643","HWH-Z","ANF",40653,0.40653
"644","HWH-Z","non-transloc",59347,0.59347
"645","HYA-Z","ANF",28139,0.28139
"646","HYA-Z","FTS",25196,0.25196
"647","HYA-Z","non-transloc",46665,0.46665
"648","HYB-Z","ANF",28044,0.28044
"649","HYB-Z","FTS",24846,0.24846
"650","HYB-Z","non-transloc",47110,0.4711
"651","HYG-Z","ANF",37659,0.37659
"652","HYG-Z","ONF",50000,0.5
"653","HYG-Z","non-transloc",12341,0.12341
"654","HYO-Z","ANF",37487,0.37487
"655","HYO-Z","non-transloc",62513,0.62513
"656","HYP-Z","ANF",43656,0.43656
"657","HYP-Z","FTS",50000,0.5
"658","HYP-Z","non-transloc",6344,0.06344
"659","HYW-Z","ONF",100000,1
"660","HYY-Z","ANF",6213,0.06213
"661","HYY-Z","non-transloc",93787,0.93787
"662","HZ-HLO","non-transloc",100000,1
"663","HbZ-BOK","CBJTC",100000,1
"664","KAG-PZ","non-transloc",100000,1
"665","KAO-YZ","non-transloc",100000,1
"666","KBP-ZG","ANF",100000,1
"667","KBY-BZ","non-transloc",100000,1
"668","KCL-GZ","non-transloc",100000,1
"669","KGW-HZ","non-transloc",100000,1
"670","KKY-WZ","ANF",100000,1
"671","KLH-OZ","non-transloc",100000,1
"672","KLP-HZ","non-transloc",100000,1
"673","KOG-OZ","non-transloc",100000,1
"674","KOL-CZ","non-transloc",100000,1
"675","KOW-BZ","ANF",100000,1
"676","KPL-SZ","ANF",50000,0.5
"677","KPL-SZ","non-transloc",50000,0.5
"678","KPW-LZ","non-transloc",100000,1
"679","KPW-WZ","non-transloc",100000,1
"680","KYB-YZ","non-transloc",100000,1
"681","KYB-ZK","ANF",100000,1
"682","KYH-OZ","ANF",50000,0.5
"683","KYH-OZ","non-transloc",50000,0.5
"684","LA-Z","non-transloc",100000,1
"685","LB-Z","non-transloc",100000,1
"686","LB-ZL","non-transloc",100000,1
"687","LC-ZC","non-transloc",100000,1
"688","LG-Z","non-transloc",100000,1
"689","LG=Z","non-transloc",100000,1
"690","LGZ-","non-transloc",100000,1
"691","LH-ZB","non-transloc",100000,1
"692","LL-Z","non-transloc",100000,1
"693","LL-ZC","non-transloc",100000,1
"694","LL-ZY","non-transloc",100000,1
"695","LL=ZC","non-transloc",100000,1
"696","LO-Z","non-transloc",100000,1
"697","LO=Z","non-transloc",100000,1
"698","LP-Z","non-transloc",100000,1
"699","LS-Z","non-transloc",100000,1
"700","LW-Z","non-transloc",100000,1
"701","LW-ZB","non-transloc",100000,1
"702","LY-BZ","non-transloc",100000,1
"703","LY-Z","non-transloc",100000,1
"704","LYZ-","non-transloc",100000,1
"705","LZ-C","non-transloc",100000,1
"706","LZ-P","non-transloc",100000,1
"707","LZ-S","non-transloc",100000,1
"708","MaleID_1","non-transloc",100000,1
"709","MaleID_2","non-transloc",100000,1
"710","MaleID_3","non-transloc",100000,1
"711","O-ZL","non-transloc",100000,1
"712","OA-Z","non-transloc",100000,1
"713","OAG-HZ","FTS",100000,1
"714","OAW-PZ","ANF",100000,1
"715","OBP-OZ","FTS",100000,1
"716","OG-PZ","non-transloc",100000,1
"717","OHA-ZK","ANF",100000,1
"718","OKY-Z","ANF",37656,0.37656
"719","OKY-Z","FTB",25054,0.25054
"720","OKY-Z","non-transloc",37290,0.3729
"721","OL-Z","non-transloc",100000,1
"722","OO-ZL","non-transloc",100000,1
"723","OO-ZO","non-transloc",100000,1
"724","OO-ZY","non-transloc",100000,1
"725","OOZ-","non-transloc",100000,1
"726","OW-AZ","non-transloc",100000,1
"727","OWO-AZ","ANF",100000,1
"728","OY-Z","non-transloc",100000,1
"729","OZ-O","non-transloc",100000,1
"730","OZ-OGY","WSF-CITRUS",100000,1
"731","OZ-OOK","WSF-CITRUS",100000,1
"732","OZ-S","non-transloc",100000,1
"733","OZ-W","non-transloc",100000,1
"734","PA-Z","non-transloc",100000,1
"735","PA-ZA","non-transloc",100000,1
"736","PA-ZW","non-transloc",100000,1
"737","PAB-Z","ANF",31270,0.3127
"738","PAB-Z","non-transloc",68730,0.6873
"739","PAK-Z","ANF",25135,0.25135
"740","PAK-Z","FTS",50000,0.5
"741","PAK-Z","non-transloc",24865,0.24865
"742","PAL-Z","ANF",50000,0.5
"743","PAL-Z","non-transloc",50000,0.5
"744","PAO-Z","non-transloc",100000,1
"745","PAP-ZG","FTS",100000,1
"746","PAS-Z","ANF",56460,0.5646
"747","PAS-Z","non-transloc",43540,0.4354
"748","PAW-Z","ANF",12534,0.12534
"749","PAW-Z","non-transloc",87466,0.87466
"750","PB-Z","non-transloc",100000,1
"751","PBA-Z","ANF",74992,0.74992
"752","PBA-Z","non-transloc",25008,0.25008
"753","PBB-Z","CBJTC",25043,0.25043
"754","PBB-Z","FTS",50000,0.5
"755","PBB-Z","non-transloc",24957,0.24957
"756","PBH-Z","ANF",24830,0.2483
"757","PBH-Z","FTS",50000,0.5
"758","PBH-Z","non-transloc",25170,0.2517
"759","PBS-Z","ANF",24816,0.24816
"760","PBS-Z","FTS",24971,0.24971
"761","PBS-Z","non-transloc",50213,0.50213
"762","PBY-FZ","FTS",100000,1
"763","PBY-Z","FTS",50000,0.5
"764","PBY-Z","non-transloc",50000,0.5
"765","PBZ-","non-transloc",100000,1
"766","PC-ZA","non-transloc",100000,1
"767","PCH-Z","ANF",12408,0.12408
"768","PCH-Z","non-transloc",87592,0.87592
"769","PCK-Z","ANF",37485,0.37485
"770","PCK-Z","FTB",24908,0.24908
"771","PCK-Z","non-transloc",37607,0.37607
"772","PCL-Z","CBJTC",25136,0.25136
"773","PCL-Z","FTS",50000,0.5
"774","PCL-Z","non-transloc",24864,0.24864
"775","PG-YZ","non-transloc",100000,1
"776","PGB-Z","ANF",24953,0.24953
"777","PGB-Z","non-transloc",75047,0.75047
"778","PH-Z","ANF",50000,0.5
"779","PH-Z","non-transloc",50000,0.5
"780","PHL-Z","ANF",75010,0.7501
"781","PHL-Z","non-transloc",24990,0.2499
"782","PHO-Z","ANF",12436,0.12436
"783","PHO-Z","FTS",25054,0.25054
"784","PHO-Z","non-transloc",62510,0.6251
"785","PKL-Z","non-transloc",100000,1
"786","PKY-Z","ANF",50000,0.5
"787","PKY-Z","non-transloc",50000,0.5
"788","PL-Z","non-transloc",100000,1
"789","PL-ZC","ANF",50000,0.5
"790","PL-ZC","non-transloc",50000,0.5
"791","PLG-Z","ANF",56400,0.564
"792","PLG-Z","non-transloc",43600,0.436
"793","PLW-Z","ANF",37491,0.37491
"794","PLW-Z","FTB",25056,0.25056
"795","PLW-Z","non-transloc",37453,0.37453
"796","PO-Z","ANF",50000,0.5
"797","PO-Z","non-transloc",50000,0.5
"798","PO-ZA","non-transloc",100000,1
"799","POB-Z","ANF",12509,0.12509
"800","POB-Z","non-transloc",87491,0.87491
"801","POG-Z","ANF",12545,0.12545
"802","POG-Z","non-transloc",87455,0.87455
"803","POP-Z","ANF",25025,0.25025
"804","POP-Z","non-transloc",74975,0.74975
"805","PP-ZH","non-transloc",100000,1
"806","PP-ZY","non-transloc",100000,1
"807","PPH-Z","ANF",75005,0.75005
"808","PPH-Z","non-transloc",24995,0.24995
"809","PPK-Z","ANF",24952,0.24952
"810","PPK-Z","non-transloc",75048,0.75048
"811","PPO-Z","ANF",75129,0.75129
"812","PPO-Z","non-transloc",24871,0.24871
"813","PPY-Z","ANF",24977,0.24977
"814","PPY-Z","FTS",25011,0.25011
"815","PPY-Z","non-transloc",50012,0.50012
"816","PPZ-","non-transloc",100000,1
"817","PS-Z","FTB",50000,0.5
"818","PS-Z","non-transloc",50000,0.5
"819","PSP-Z","ANF",12509,0.12509
"820","PSP-Z","non-transloc",87491,0.87491
"821","PWG-Z","non-transloc",100000,1
"822","PWH-Z","FTS",50000,0.5
"823","PWH-Z","non-transloc",50000,0.5
"824","PWY-Z","ANF",25099,0.25099
"825","PWY-Z","non-transloc",74901,0.74901
"826","PY-OZ","ANF",50000,0.5
"827","PY-OZ","non-transloc",50000,0.5
"828","PY-Z","non-transloc",100000,1
"829","PY-ZA","non-transloc",100000,1
"830","PYG-Z","ANF",37411,0.37411
"831","PYG-Z","non-transloc",62589,0.62589
"832","PYH-Z","ANF",74972,0.74972
"833","PYH-Z","non-transloc",25028,0.25028
"834","PYP-Z","non-transloc",100000,1
"835","PZ-L","non-transloc",100000,1
"836","PZ-PAP","FTB",100000,1
"837","PZ-Y","non-transloc",100000,1
"838","S-Z","FTB",50000,0.5
"839","S-Z","non-transloc",50000,0.5
"840","S-ZG","non-transloc",100000,1
"841","SAW-Z","ANF",50000,0.5
"842","SAW-Z","non-transloc",50000,0.5
"843","SBL-Z","ANF",24906,0.24906
"844","SBL-Z","non-transloc",75094,0.75094
"845","SCB-Z","non-transloc",100000,1
"846","SGA-Z","non-transloc",100000,1
"847","SGO-Z","FTB",50000,0.5
"848","SGO-Z","non-transloc",50000,0.5
"849","SGS-Z","ANF",25161,0.25161
"850","SGS-Z","non-transloc",74839,0.74839
"851","SHA-Z","ANF",50000,0.5
"852","SHA-Z","non-transloc",50000,0.5
"853","SHL-Z","non-transloc",100000,1
"854","SHW-Z","FTB",50000,0.5
"855","SHW-Z","non-transloc",50000,0.5
"856","SHZ-","non-transloc",100000,1
"857","SKH-Z","non-transloc",100000,1
"858","SKL-Z","non-transloc",100000,1
"859","SL-ZL","non-transloc",100000,1
"860","SL-ZS","non-transloc",100000,1
"861","SLG-Z","ANF",49771,0.49771
"862","SLG-Z","non-transloc",50229,0.50229
"863","SLK-Z","non-transloc",100000,1
"864","SO-Z","non-transloc",100000,1
"865","SOB-Z","ANF",50000,0.5
"866","SOB-Z","non-transloc",50000,0.5
"867","SOP-Z","ANF",50000,0.5
"868","SOP-Z","non-transloc",50000,0.5
"869","SP-Z","non-transloc",100000,1
"870","SPL-Z","non-transloc",100000,1
"871","SPY-Z","non-transloc",100000,1
"872","SY-Z","non-transloc",100000,1
"873","SZ-S","non-transloc",100000,1
"874","SZ-W","non-transloc",100000,1
"875","WAA-Z","ANF",37631,0.37631
"876","WAA-Z","CBJTC",12525,0.12525
"877","WAA-Z","FTS",12461,0.12461
"878","WAA-Z","non-transloc",37383,0.37383
"879","WAB-Z","ANF",37349,0.37349
"880","WAB-Z","FTS",12730,0.1273
"881","WAB-Z","non-transloc",49921,0.49921
"882","WAG-Z","ANF",31197,0.31197
"883","WAG-Z","FTS",25049,0.25049
"884","WAG-Z","non-transloc",43754,0.43754
"885","WAK-Z","ANF",87444,0.87444
"886","WAK-Z","non-transloc",12556,0.12556
"887","WAO-Z","ANF",50031,0.50031
"888","WAO-Z","CBJTC",12483,0.12483
"889","WAO-Z","non-transloc",37486,0.37486
"890","WAW-Z","ANF",17205,0.17205
"891","WAW-Z","CBJTC",2985,0.02985
"892","WAW-Z","FTS",6415,0.06415
"893","WAW-Z","non-transloc",73395,0.73395
"894","WAY-Z","ANF",12644,0.12644
"895","WAY-Z","FTS",24830,0.2483
"896","WAY-Z","non-transloc",62526,0.62526
"897","WAZ-","non-transloc",100000,1
"898","WB-Z","ANF",50000,0.5
"899","WB-Z","non-transloc",50000,0.5
"900","WBA-Z","ANF",56329,0.56329
"901","WBA-Z","FTB",12586,0.12586
"902","WBA-Z","non-transloc",31085,0.31085
"903","WBB-Z","ANF",43720,0.4372
"904","WBB-Z","FTS",50000,0.5
"905","WBB-Z","non-transloc",6280,0.0628
"906","WBG-Z","ANF",18789,0.18789
"907","WBG-Z","CBJTC",6208,0.06208
"908","WBG-Z","FTS",62372,0.62372
"909","WBG-Z","non-transloc",12631,0.12631
"910","WBK-Z","ANF",32590,0.3259
"911","WBK-Z","FTS",3125,0.03125
"912","WBK-Z","non-transloc",64285,0.64285
"913","WBO-Z","ANF",37497,0.37497
"914","WBO-Z","non-transloc",62503,0.62503
"915","WBW-Z","ONF",100000,1
"916","WBY-Z","ANF",37561,0.37561
"917","WBY-Z","ONF",50000,0.5
"918","WBY-Z","non-transloc",12439,0.12439
"919","WC-Z","non-transloc",100000,1
"920","WC-ZS","non-transloc",100000,1
"921","WG-Z","non-transloc",100000,1
"922","WG-ZA","non-transloc",100000,1
"923","WG-ZG","non-transloc",100000,1
"924","WG-ZS","non-transloc",100000,1
"925","WGA-Z","ANF",21903,0.21903
"926","WGA-Z","FTS",12414,0.12414
"927","WGA-Z","non-transloc",65683,0.65683
"928","WGB-Z","ANF",62624,0.62624
"929","WGB-Z","non-transloc",37376,0.37376
"930","WGG-Z","ANF",75026,0.75026
"931","WGG-Z","non-transloc",24974,0.24974
"932","WGK-Z","ANF",49799,0.49799
"933","WGK-Z","CBJTC",12422,0.12422
"934","WGK-Z","non-transloc",37779,0.37779
"935","WGO-Z","ANF",37607,0.37607
"936","WGO-Z","ONF",50000,0.5
"937","WGO-Z","non-transloc",12393,0.12393
"938","WGW-Z","ANF",12638,0.12638
"939","WGW-Z","FTS",24979,0.24979
"940","WGW-Z","non-transloc",62383,0.62383
"941","WGY-Z","ANF",12564,0.12564
"942","WGY-Z","FTS",12438,0.12438
"943","WGY-Z","non-transloc",74998,0.74998
"944","WH-Z","ANF",75030,0.7503
"945","WH-Z","non-transloc",24970,0.2497
"946","WKA-Z","ANF",34215,0.34215
"947","WKA-Z","FTS",18625,0.18625
"948","WKA-Z","non-transloc",47160,0.4716
"949","WKB-Z","ANF",62700,0.627
"950","WKB-Z","non-transloc",37300,0.373
"951","WKG-Z","ANF",59476,0.59476
"952","WKG-Z","FTS",18620,0.1862
"953","WKG-Z","non-transloc",21904,0.21904
"954","WKK-Z","ANF",36102,0.36102
"955","WKK-Z","ONF",24971,0.24971
"956","WKK-Z","non-transloc",38927,0.38927
"957","WKO-Z","ANF",43642,0.43642
"958","WKO-Z","FTS",50000,0.5
"959","WKO-Z","non-transloc",6358,0.06358
"960","WKW-Z","ANF",54550,0.5455
"961","WKW-Z","FTS",12648,0.12648
"962","WKW-Z","non-transloc",32802,0.32802
"963","WKY-Z","ANF",34428,0.34428
"964","WKY-Z","FTB",6167,0.06167
"965","WKY-Z","FTS",12426,0.12426
"966","WKY-Z","non-transloc",46979,0.46979
"967","WL-Z","non-transloc",100000,1
"968","WL-ZA","non-transloc",100000,1
"969","WOA-Z","ANF",31125,0.31125
"970","WOA-Z","FTS",25066,0.25066
"971","WOA-Z","non-transloc",43809,0.43809
"972","WOB-Z","ANF",15526,0.15526
"973","WOB-Z","FTS",6304,0.06304
"974","WOB-Z","non-transloc",78170,0.7817
"975","WOG-Z","ANF",25184,0.25184
"976","WOG-Z","FTS",25006,0.25006
"977","WOG-Z","non-transloc",49810,0.4981
"978","WOK-Z","ANF",34327,0.34327
"979","WOK-Z","CBJTC",6321,0.06321
"980","WOK-Z","FTS",25178,0.25178
"981","WOK-Z","non-transloc",34174,0.34174
"982","WOO-Z","ANF",22107,0.22107
"983","WOO-Z","FTS",12327,0.12327
"984","WOO-Z","non-transloc",65566,0.65566
"985","WOR-Z","ANF",12677,0.12677
"986","WOR-Z","non-transloc",87323,0.87323
"987","WOW-Z","ANF",37738,0.37738
"988","WOW-Z","CBJTC",12518,0.12518
"989","WOW-Z","FTS",12345,0.12345
"990","WOW-Z","non-transloc",37399,0.37399
"991","WOY-Z","ONF",100000,1
"992","WRB-Z","ANF",40668,0.40668
"993","WRB-Z","non-transloc",59332,0.59332
"994","WRG-Z","ANF",22066,0.22066
"995","WRG-Z","FTS",37517,0.37517
"996","WRG-Z","non-transloc",40417,0.40417
"997","WRK-Z","ANF",6212,0.06212
"998","WRK-Z","non-transloc",93788,0.93788
"999","WRY-Z","ANF",34156,0.34156
"1000","WRY-Z","CBJTC",6296,0.06296
"1001","WRY-Z","FTS",25059,0.25059
"1002","WRY-Z","non-transloc",34489,0.34489
"1003","WW-ZB","non-transloc",100000,1
"1004","WW-ZG","non-transloc",100000,1
"1005","WW-ZO","non-transloc",100000,1
"1006","WW-ZY","non-transloc",100000,1
"1007","WWA-Z","ANF",36025,0.36025
"1008","WWA-Z","ONF",25013,0.25013
"1009","WWA-Z","non-transloc",38962,0.38962
"1010","WWB-Z","ANF",20370,0.2037
"1011","WWB-Z","CBJTC",6190,0.0619
"1012","WWB-Z","FTS",12565,0.12565
"1013","WWB-Z","non-transloc",60875,0.60875
"1014","WWG-Z","ANF",43686,0.43686
"1015","WWG-Z","WSF-CITRUS",50000,0.5
"1016","WWG-Z","non-transloc",6314,0.06314
"1017","WWK-Z","ANF",18937,0.18937
"1018","WWK-Z","FTS",12430,0.1243
"1019","WWK-Z","non-transloc",68633,0.68633
"1020","WWO-Z","ANF",12594,0.12594
"1021","WWO-Z","FTS",12460,0.1246
"1022","WWO-Z","non-transloc",74946,0.74946
"1023","WWY-Z","ANF",18664,0.18664
"1024","WWY-Z","CBJTC",6309,0.06309
"1025","WWY-Z","FTS",62411,0.62411
"1026","WWY-Z","non-transloc",12616,0.12616
"1027","WYA-Z","ANF",12712,0.12712
"1028","WYA-Z","non-transloc",87288,0.87288
"1029","WYB-Z","ANF",37434,0.37434
"1030","WYB-Z","non-transloc",62566,0.62566
"1031","WYG-Z","ANF",20367,0.20367
"1032","WYG-Z","non-transloc",79633,0.79633
"1033","WYK-Z","ANF",25060,0.2506
"1034","WYK-Z","CBJTC",6171,0.06171
"1035","WYK-Z","FTS",12679,0.12679
"1036","WYK-Z","non-transloc",56090,0.5609
"1037","WYO-Z","ANF",17063,0.17063
"1038","WYO-Z","CBJTC",3037,0.03037
"1039","WYO-Z","FTS",6386,0.06386
"1040","WYO-Z","non-transloc",73514,0.73514
"1041","WYR-Z","ANF",27968,0.27968
"1042","WYR-Z","FTS",6294,0.06294
"1043","WYR-Z","non-transloc",65738,0.65738
"1044","WYW-Z","ANF",62356,0.62356
"1045","WYW-Z","non-transloc",37644,0.37644
"1046","WYY-Z","ANF",25036,0.25036
"1047","WYY-Z","FTS",24936,0.24936
"1048","WYY-Z","non-transloc",50028,0.50028
"1049","WZ-KAY","ANF",100000,1
"1050","WZ-KOW","ANF",100000,1
"1051","WZ-O","non-transloc",100000,1
"1052","WZ-OLO","FTS",100000,1
"1053","WZ-Y","non-transloc",100000,1
"1054","WZ-YKA","ANF",100000,1
"1055","YA-ZB","non-transloc",100000,1
"1056","YA-ZP","non-transloc",100000,1
"1057","YA-ZS","non-transloc",100000,1
"1058","YAG-Z","ANF",62594,0.62594
"1059","YAG-Z","non-transloc",37406,0.37406
"1060","YAH-Z","ANF",31186,0.31186
"1061","YAH-Z","ONF",50000,0.5
"1062","YAH-Z","non-transloc",18814,0.18814
"1063","YAO-Z","ANF",24923,0.24923
"1064","YAO-Z","FTS",50000,0.5
"1065","YAO-Z","non-transloc",25077,0.25077
"1066","YAP-Z","ANF",24996,0.24996
"1067","YAP-Z","FTS",24895,0.24895
"1068","YAP-Z","non-transloc",50109,0.50109
"1069","YAS-Z","ANF",50000,0.5
"1070","YAS-Z","CBJTC",25172,0.25172
"1071","YAS-Z","non-transloc",24828,0.24828
"1072","YAY-Z","ANF",12627,0.12627
"1073","YAY-Z","non-transloc",87373,0.87373
"1074","YB-ZG","non-transloc",100000,1
"1075","YBB-Z","ONF",100000,1
"1076","YBH-Z","ANF",25028,0.25028
"1077","YBH-Z","FTS",25040,0.2504
"1078","YBH-Z","non-transloc",49932,0.49932
"1079","YBO-Z","ANF",37457,0.37457
"1080","YBO-Z","non-transloc",62543,0.62543
"1081","YBP-ZF","ANF",100000,1
"1082","YCB-Z","ANF",18801,0.18801
"1083","YCB-Z","FTS",50000,0.5
"1084","YCB-Z","non-transloc",31199,0.31199
"1085","YCG-Z","ANF",37667,0.37667
"1086","YCG-Z","FTS",25022,0.25022
"1087","YCG-Z","non-transloc",37311,0.37311
"1088","YCO-Z","ANF",37501,0.37501
"1089","YCO-Z","non-transloc",62499,0.62499
"1090","YCY-Z","ANF",25006,0.25006
"1091","YCY-Z","FTS",24763,0.24763
"1092","YCY-Z","non-transloc",50231,0.50231
"1093","YG-Z","non-transloc",100000,1
"1094","YG-ZS","non-transloc",100000,1
"1095","YGB-WZ","ANF",100000,1
"1096","YGG-Z","ANF",21950,0.2195
"1097","YGG-Z","FTS",24909,0.24909
"1098","YGG-Z","non-transloc",53141,0.53141
"1099","YGO-Z","ANF",12589,0.12589
"1100","YGO-Z","non-transloc",87411,0.87411
"1101","YGW-Z","ANF",24843,0.24843
"1102","YGW-Z","ONF",50000,0.5
"1103","YGW-Z","non-transloc",25157,0.25157
"1104","YGY-Z","ANF",37505,0.37505
"1105","YGY-Z","non-transloc",62495,0.62495
"1106","YHB-AZ","FTS",100000,1
"1107","YHB-Z","ANF",37554,0.37554
"1108","YHB-Z","FTS",50000,0.5
"1109","YHB-Z","non-transloc",12446,0.12446
"1110","YHK-Z","non-transloc",100000,1
"1111","YHP-Z","ANF",87498,0.87498
"1112","YHP-Z","non-transloc",12502,0.12502
"1113","YHZ-","non-transloc",100000,1
"1114","YKA-Z","ANF",6379,0.06379
"1115","YKA-Z","FTS",50000,0.5
"1116","YKA-Z","non-transloc",43621,0.43621
"1117","YKH-Z","ANF",6336,0.06336
"1118","YKH-Z","FTS",25116,0.25116
"1119","YKH-Z","non-transloc",68548,0.68548
"1120","YKO-Z","ANF",37537,0.37537
"1121","YKO-Z","FTS",25049,0.25049
"1122","YKO-Z","non-transloc",37414,0.37414
"1123","YKY-Z","ANF",87389,0.87389
"1124","YKY-Z","non-transloc",12611,0.12611
"1125","YL-Z","non-transloc",100000,1
"1126","YLZ-","non-transloc",100000,1
"1127","YO-Z","non-transloc",100000,1
"1128","YO-ZY","non-transloc",100000,1
"1129","YOB-Z","ANF",6337,0.06337
"1130","YOB-Z","FTS",25110,0.2511
"1131","YOB-Z","non-transloc",68553,0.68553
"1132","YOG-Z","ANF",12542,0.12542
"1133","YOG-Z","FTS",24966,0.24966
"1134","YOG-Z","non-transloc",62492,0.62492
"1135","YOO-Z","ANF",24997,0.24997
"1136","YOO-Z","FTS",24920,0.2492
"1137","YOO-Z","non-transloc",50083,0.50083
"1138","YOW-Z","ANF",50000,0.5
"1139","YOW-Z","CBJTC",25048,0.25048
"1140","YOW-Z","non-transloc",24952,0.24952
"1141","YP-Z","non-transloc",100000,1
"1142","YPB-Z","ANF",43832,0.43832
"1143","YPB-Z","FTS",12388,0.12388
"1144","YPB-Z","non-transloc",43780,0.4378
"1145","YPG-Z","ANF",50000,0.5
"1146","YPG-Z","non-transloc",50000,0.5
"1147","YPW-Z","ANF",25285,0.25285
"1148","YPW-Z","FTS",50000,0.5
"1149","YPW-Z","non-transloc",24715,0.24715
"1150","YPZ-","non-transloc",100000,1
"1151","YS-ZG","non-transloc",100000,1
"1152","YSA-Z","ANF",43799,0.43799
"1153","YSA-Z","FTS",12247,0.12247
"1154","YSA-Z","non-transloc",43954,0.43954
"1155","YSH-Z","ANF",12573,0.12573
"1156","YSH-Z","non-transloc",87427,0.87427
"1157","YSK-Z","non-transloc",100000,1
"1158","YW-Z","non-transloc",100000,1
"1159","YW-ZC","non-transloc",100000,1
"1160","YWB-Z","ANF",12704,0.12704
"1161","YWB-Z","non-transloc",87296,0.87296
"1162","YWG-Z","ANF",68729,0.68729
"1163","YWG-Z","FTB",12584,0.12584
"1164","YWG-Z","non-transloc",18687,0.18687
"1165","YWS-Z","ANF",37497,0.37497
"1166","YWS-Z","FTS",50000,0.5
"1167","YWS-Z","non-transloc",12503,0.12503
"1168","YWW-Z","ANF",18674,0.18674
"1169","YWW-Z","FTS",37462,0.37462
"1170","YWW-Z","non-transloc",43864,0.43864
"1171","YY-Z","non-transloc",100000,1
"1172","YY-ZH","non-transloc",100000,1
"1173","YY-ZY","non-transloc",100000,1
"1174","YYB-Z","ANF",37506,0.37506
"1175","YYB-Z","non-transloc",62494,0.62494
"1176","YYG-Z","ANF",40665,0.40665
"1177","YYG-Z","non-transloc",59335,0.59335
"1178","YYH-GZ","ANF",100000,1
"1179","YZ-G","non-transloc",100000,1
"1180","YZ-LGL","FTB",100000,1
"1181","YZ-OKL","WSF-CITRUS",100000,1
"1182","YZ-W","non-transloc",100000,1
"1183","YZ-Y","non-transloc",100000,1
"1184","Z-A","non-transloc",100000,1
"1185","Z-AA","non-transloc",100000,1
"1186","Z-AAB","ONF",100000,1
"1187","Z-AAK","ANF",12447,0.12447
"1188","Z-AAK","FTS",25083,0.25083
"1189","Z-AAK","non-transloc",62470,0.6247
"1190","Z-AAO","ANF",12464,0.12464
"1191","Z-AAO","non-transloc",87536,0.87536
"1192","Z-AAY","non-transloc",100000,1
"1193","Z-ABA","ANF",50000,0.5
"1194","Z-ABA","CBJTC",24984,0.24984
"1195","Z-ABA","non-transloc",25016,0.25016
"1196","Z-ABH","ANF",12646,0.12646
"1197","Z-ABH","FTS",12513,0.12513
"1198","Z-ABH","WSF-CITRUS",50000,0.5
"1199","Z-ABH","non-transloc",24841,0.24841
"1200","Z-ABO","ANF",37312,0.37312
"1201","Z-ABO","non-transloc",62688,0.62688
"1202","Z-ABS","ANF",12512,0.12512
"1203","Z-ABS","FTS",12425,0.12425
"1204","Z-ABS","ONF",50000,0.5
"1205","Z-ABS","non-transloc",25063,0.25063
"1206","Z-ABW","ANF",31446,0.31446
"1207","Z-ABW","non-transloc",68554,0.68554
"1208","Z-ABY","ANF",37303,0.37303
"1209","Z-ABY","CBJTC",12555,0.12555
"1210","Z-ABY","FTS",25130,0.2513
"1211","Z-ABY","non-transloc",25012,0.25012
"1212","Z-AGA","ANF",18777,0.18777
"1213","Z-AGA","FTS",50000,0.5
"1214","Z-AGA","non-transloc",31223,0.31223
"1215","Z-AGK","ANF",37681,0.37681
"1216","Z-AGK","non-transloc",62319,0.62319
"1217","Z-AGO","ANF",12578,0.12578
"1218","Z-AGO","non-transloc",87422,0.87422
"1219","Z-AGS","ANF",62583,0.62583
"1220","Z-AGS","non-transloc",37417,0.37417
"1221","Z-AGY","ANF",18808,0.18808
"1222","Z-AGY","FTS",50000,0.5
"1223","Z-AGY","non-transloc",31192,0.31192
"1224","Z-AHA","ANF",12654,0.12654
"1225","Z-AHA","non-transloc",87346,0.87346
"1226","Z-AHG","ANF",9410,0.0941
"1227","Z-AHG","non-transloc",90590,0.9059
"1228","Z-AHH","ANF",12586,0.12586
"1229","Z-AHH","non-transloc",87414,0.87414
"1230","Z-AHO","ANF",37559,0.37559
"1231","Z-AHO","FTS",12453,0.12453
"1232","Z-AHO","non-transloc",49988,0.49988
"1233","Z-AHW","ANF",24908,0.24908
"1234","Z-AHW","FTS",24836,0.24836
"1235","Z-AHW","non-transloc",50256,0.50256
"1236","Z-AHY","ANF",12630,0.1263
"1237","Z-AHY","FTS",24994,0.24994
"1238","Z-AHY","non-transloc",62376,0.62376
"1239","Z-AKA","ANF",43821,0.43821
"1240","Z-AKA","FTS",12364,0.12364
"1241","Z-AKA","non-transloc",43815,0.43815
"1242","Z-AKH","ANF",37558,0.37558
"1243","Z-AKH","non-transloc",62442,0.62442
"1244","Z-AKO","ANF",43661,0.43661
"1245","Z-AKO","FTS",12366,0.12366
"1246","Z-AKO","non-transloc",43973,0.43973
"1247","Z-AKW","ANF",25032,0.25032
"1248","Z-AKW","FTS",12640,0.1264
"1249","Z-AKW","non-transloc",62328,0.62328
"1250","Z-AKY","ANF",12497,0.12497
"1251","Z-AKY","non-transloc",87503,0.87503
"1252","Z-AL","non-transloc",100000,1
"1253","Z-AO","non-transloc",100000,1
"1254","Z-AOB","ANF",21819,0.21819
"1255","Z-AOB","FTS",25053,0.25053
"1256","Z-AOB","non-transloc",53128,0.53128
"1257","Z-AOG","ANF",28154,0.28154
"1258","Z-AOG","CBJTC",12524,0.12524
"1259","Z-AOG","FTS",25101,0.25101
"1260","Z-AOG","non-transloc",34221,0.34221
"1261","Z-AOS","ANF",12507,0.12507
"1262","Z-AOS","FTS",25005,0.25005
"1263","Z-AOS","non-transloc",62488,0.62488
"1264","Z-AOW","ANF",87421,0.87421
"1265","Z-AOW","non-transloc",12579,0.12579
"1266","Z-AOY","ANF",37275,0.37275
"1267","Z-AOY","CBJTC",12616,0.12616
"1268","Z-AOY","FTS",25128,0.25128
"1269","Z-AOY","non-transloc",24981,0.24981
"1270","Z-AP","non-transloc",100000,1
"1271","Z-ASA","ANF",31349,0.31349
"1272","Z-ASA","ONF",50000,0.5
"1273","Z-ASA","non-transloc",18651,0.18651
"1274","Z-ASG","non-transloc",100000,1
"1275","Z-ASH","ANF",87393,0.87393
"1276","Z-ASH","non-transloc",12607,0.12607
"1277","Z-ASK","ANF",31067,0.31067
"1278","Z-ASK","FTS",12566,0.12566
"1279","Z-ASK","non-transloc",56367,0.56367
"1280","Z-ASO","ANF",31214,0.31214
"1281","Z-ASO","FTS",50000,0.5
"1282","Z-ASO","non-transloc",18786,0.18786
"1283","Z-ASS","ANF",56291,0.56291
"1284","Z-ASS","FTB",12678,0.12678
"1285","Z-ASS","non-transloc",31031,0.31031
"1286","Z-AWB","ANF",6364,0.06364
"1287","Z-AWB","FTS",25156,0.25156
"1288","Z-AWB","non-transloc",68480,0.6848
"1289","Z-AWG","ANF",12415,0.12415
"1290","Z-AWG","FTS",12494,0.12494
"1291","Z-AWG","WSF-CITRUS",50000,0.5
"1292","Z-AWG","non-transloc",25091,0.25091
"1293","Z-AWH","ANF",21876,0.21876
"1294","Z-AWH","FTS",25216,0.25216
"1295","Z-AWH","non-transloc",52908,0.52908
"1296","Z-AWO","ANF",40648,0.40648
"1297","Z-AWO","non-transloc",59352,0.59352
"1298","Z-AWY","ANF",37402,0.37402
"1299","Z-AWY","non-transloc",62598,0.62598
"1300","Z-AY","non-transloc",100000,1
"1301","Z-AYB","ANF",62469,0.62469
"1302","Z-AYB","non-transloc",37531,0.37531
"1303","Z-AYG","ANF",50000,0.5
"1304","Z-AYG","CBJTC",25036,0.25036
"1305","Z-AYG","non-transloc",24964,0.24964
"1306","Z-AYO","ANF",28109,0.28109
"1307","Z-AYO","FTS",24981,0.24981
"1308","Z-AYO","non-transloc",46910,0.4691
"1309","Z-AYS","ANF",25119,0.25119
"1310","Z-AYS","FTS",24929,0.24929
"1311","Z-AYS","non-transloc",49952,0.49952
"1312","Z-AYY","ANF",12740,0.1274
"1313","Z-AYY","non-transloc",87260,0.8726
"1314","Z-BAA","ANF",23361,0.23361
"1315","Z-BAA","FTS",24906,0.24906
"1316","Z-BAA","non-transloc",51733,0.51733
"1317","Z-BAB","ONF",100000,1
"1318","Z-BAG","ANF",37468,0.37468
"1319","Z-BAG","non-transloc",62532,0.62532
"1320","Z-BAK","ANF",21982,0.21982
"1321","Z-BAK","FTS",12572,0.12572
"1322","Z-BAK","non-transloc",65446,0.65446
"1323","Z-BAO","ANF",37258,0.37258
"1324","Z-BAO","CBJTC",12663,0.12663
"1325","Z-BAO","FTS",12513,0.12513
"1326","Z-BAO","non-transloc",37566,0.37566
"1327","Z-BAW","ANF",24867,0.24867
"1328","Z-BAW","FTS",24914,0.24914
"1329","Z-BAW","non-transloc",50219,0.50219
"1330","Z-BAY","ANF",59368,0.59368
"1331","Z-BAY","FTS",18624,0.18624
"1332","Z-BAY","non-transloc",22008,0.22008
"1333","Z-BB","non-transloc",100000,1
"1334","Z-BBB","ANF",25112,0.25112
"1335","Z-BBB","CBJTC",6219,0.06219
"1336","Z-BBB","FTS",12516,0.12516
"1337","Z-BBB","non-transloc",56153,0.56153
"1338","Z-BBG","ANF",20437,0.20437
"1339","Z-BBG","non-transloc",79563,0.79563
"1340","Z-BBK","ANF",6354,0.06354
"1341","Z-BBK","non-transloc",93646,0.93646
"1342","Z-BBO","ANF",87457,0.87457
"1343","Z-BBO","non-transloc",12543,0.12543
"1344","Z-BBW","ANF",49790,0.4979
"1345","Z-BBW","CBJTC",12504,0.12504
"1346","Z-BBW","non-transloc",37706,0.37706
"1347","Z-BBY","ANF",12830,0.1283
"1348","Z-BBY","non-transloc",87170,0.8717
"1349","Z-BGA","ANF",31332,0.31332
"1350","Z-BGA","FTS",24996,0.24996
"1351","Z-BGA","non-transloc",43672,0.43672
"1352","Z-BGB","ANF",37330,0.3733
"1353","Z-BGB","non-transloc",62670,0.6267
"1354","Z-BGG","ANF",23374,0.23374
"1355","Z-BGG","FTS",24832,0.24832
"1356","Z-BGG","non-transloc",51794,0.51794
"1357","Z-BGK","ONF",100000,1
"1358","Z-BGO","ANF",6271,0.06271
"1359","Z-BGO","FTS",6223,0.06223
"1360","Z-BGO","WSF-CITRUS",25048,0.25048
"1361","Z-BGO","non-transloc",62458,0.62458
"1362","Z-BGR","ANF",20525,0.20525
"1363","Z-BGR","CBJTC",6162,0.06162
"1364","Z-BGR","FTS",12505,0.12505
"1365","Z-BGR","non-transloc",60808,0.60808
"1366","Z-BGW","ANF",37376,0.37376
"1367","Z-BGW","CBJTC",6276,0.06276
"1368","Z-BGW","FTS",12494,0.12494
"1369","Z-BGW","non-transloc",43854,0.43854
"1370","Z-BGY","ANF",34218,0.34218
"1371","Z-BGY","CBJTC",6399,0.06399
"1372","Z-BGY","FTS",25049,0.25049
"1373","Z-BGY","non-transloc",34334,0.34334
"1374","Z-BKB","ANF",43804,0.43804
"1375","Z-BKB","WSF-CITRUS",50000,0.5
"1376","Z-BKB","non-transloc",6196,0.06196
"1377","Z-BKG","ANF",34335,0.34335
"1378","Z-BKG","FTS",18564,0.18564
"1379","Z-BKG","non-transloc",47101,0.47101
"1380","Z-BKK","ANF",37470,0.3747
"1381","Z-BKK","FTS",12571,0.12571
"1382","Z-BKK","non-transloc",49959,0.49959
"1383","Z-BKO","ANF",34153,0.34153
"1384","Z-BKO","CBJTC",6283,0.06283
"1385","Z-BKO","FTS",25096,0.25096
"1386","Z-BKO","non-transloc",34468,0.34468
"1387","Z-BKW","ANF",37587,0.37587
"1388","Z-BKW","non-transloc",62413,0.62413
"1389","Z-BKY","ANF",49953,0.49953
"1390","Z-BKY","CBJTC",12424,0.12424
"1391","Z-BKY","non-transloc",37623,0.37623
"1392","Z-BOA","ANF",17084,0.17084
"1393","Z-BOA","CBJTC",3050,0.0305
"1394","Z-BOA","FTS",6343,0.06343
"1395","Z-BOA","non-transloc",73523,0.73523
"1396","Z-BOB","ANF",20440,0.2044
"1397","Z-BOB","CBJTC",6232,0.06232
"1398","Z-BOB","FTS",12537,0.12537
"1399","Z-BOB","non-transloc",60791,0.60791
"1400","Z-BOG","ANF",12460,0.1246
"1401","Z-BOG","FTS",12523,0.12523
"1402","Z-BOG","non-transloc",75017,0.75017
"1403","Z-BOK","ANF",21967,0.21967
"1404","Z-BOK","FTS",24811,0.24811
"1405","Z-BOK","non-transloc",53222,0.53222
"1406","Z-BOO","ANF",18737,0.18737
"1407","Z-BOO","FTS",6216,0.06216
"1408","Z-BOO","non-transloc",75047,0.75047
"1409","Z-BOR","ANF",54670,0.5467
"1410","Z-BOR","FTS",12679,0.12679
"1411","Z-BOR","non-transloc",32651,0.32651
"1412","Z-BOW","ANF",25020,0.2502
"1413","Z-BOW","FTS",24958,0.24958
"1414","Z-BOW","non-transloc",50022,0.50022
"1415","Z-BOY","ANF",22073,0.22073
"1416","Z-BOY","FTS",12428,0.12428
"1417","Z-BOY","non-transloc",65499,0.65499
"1418","Z-BRO","ANF",6177,0.06177
"1419","Z-BRO","non-transloc",93823,0.93823
"1420","Z-BRY","ANF",20540,0.2054
"1421","Z-BRY","CBJTC",6274,0.06274
"1422","Z-BRY","FTS",12408,0.12408
"1423","Z-BRY","non-transloc",60778,0.60778
"1424","Z-BW","non-transloc",100000,1
"1425","Z-BWA","ANF",20403,0.20403
"1426","Z-BWA","non-transloc",79597,0.79597
"1427","Z-BWB","ANF",12598,0.12598
"1428","Z-BWB","FTS",12539,0.12539
"1429","Z-BWB","non-transloc",74863,0.74863
"1430","Z-BWG","ANF",37405,0.37405
"1431","Z-BWG","CBJTC",12579,0.12579
"1432","Z-BWG","FTS",12435,0.12435
"1433","Z-BWG","non-transloc",37581,0.37581
"1434","Z-BWK","ANF",30980,0.3098
"1435","Z-BWK","FTS",25119,0.25119
"1436","Z-BWK","non-transloc",43901,0.43901
"1437","Z-BWO","ANF",37624,0.37624
"1438","Z-BWO","FTS",12613,0.12613
"1439","Z-BWO","non-transloc",49763,0.49763
"1440","Z-BWW","ANF",43722,0.43722
"1441","Z-BWW","WSF-CITRUS",50000,0.5
"1442","Z-BWW","non-transloc",6278,0.06278
"1443","Z-BY","non-transloc",100000,1
"1444","Z-BYA","ANF",12622,0.12622
"1445","Z-BYA","non-transloc",87378,0.87378
"1446","Z-BYB","ANF",35969,0.35969
"1447","Z-BYB","ONF",24945,0.24945
"1448","Z-BYB","non-transloc",39086,0.39086
"1449","Z-BYG","ANF",59429,0.59429
"1450","Z-BYG","FTS",18547,0.18547
"1451","Z-BYG","non-transloc",22024,0.22024
"1452","Z-BYK","ANF",37530,0.3753
"1453","Z-BYK","non-transloc",62470,0.6247
"1454","Z-BYO","ANF",37304,0.37304
"1455","Z-BYO","CBJTC",12719,0.12719
"1456","Z-BYO","FTS",12454,0.12454
"1457","Z-BYO","non-transloc",37523,0.37523
"1458","Z-BYR","ANF",32588,0.32588
"1459","Z-BYR","FTS",3189,0.03189
"1460","Z-BYR","non-transloc",64223,0.64223
"1461","Z-BYW","ANF",18866,0.18866
"1462","Z-BYW","non-transloc",81134,0.81134
"1463","Z-BYY","ANF",17228,0.17228
"1464","Z-BYY","CBJTC",3046,0.03046
"1465","Z-BYY","FTS",6283,0.06283
"1466","Z-BYY","non-transloc",73443,0.73443
"1467","Z-CAH","non-transloc",100000,1
"1468","Z-CAL","ANF",12581,0.12581
"1469","Z-CAL","non-transloc",87419,0.87419
"1470","Z-CAP","non-transloc",100000,1
"1471","Z-CAS","FTS",50000,0.5
"1472","Z-CAS","non-transloc",50000,0.5
"1473","Z-CBK","ANF",12632,0.12632
"1474","Z-CBK","non-transloc",87368,0.87368
"1475","Z-CBS","ANF",24997,0.24997
"1476","Z-CBS","non-transloc",75003,0.75003
"1477","Z-CGA","ANF",50000,0.5
"1478","Z-CGA","non-transloc",50000,0.5
"1479","Z-CGB","ANF",100000,1
"1480","Z-CGC","ANF",49761,0.49761
"1481","Z-CGC","non-transloc",50239,0.50239
"1482","Z-CGH","ANF",50000,0.5
"1483","Z-CGH","non-transloc",50000,0.5
"1484","Z-CGK","ANF",49971,0.49971
"1485","Z-CGK","non-transloc",50029,0.50029
"1486","Z-CGO","ANF",100000,1
"1487","Z-CGW","ANF",37210,0.3721
"1488","Z-CGW","non-transloc",62790,0.6279
"1489","Z-CGY","ANF",50000,0.5
"1490","Z-CGY","non-transloc",50000,0.5
"1491","Z-CHL","CBJTC",50000,0.5
"1492","Z-CHL","non-transloc",50000,0.5
"1493","Z-CHO","CBJTC",50000,0.5
"1494","Z-CHO","non-transloc",50000,0.5
"1495","Z-CHW","non-transloc",100000,1
"1496","Z-CKA","ANF",12352,0.12352
"1497","Z-CKA","FTS",50000,0.5
"1498","Z-CKA","non-transloc",37648,0.37648
"1499","Z-CKB","non-transloc",100000,1
"1500","Z-CKH","non-transloc",100000,1
"1501","Z-CLC","ANF",25050,0.2505
"1502","Z-CLC","FTS",25048,0.25048
"1503","Z-CLC","non-transloc",49902,0.49902
"1504","Z-CLG","ANF",24966,0.24966
"1505","Z-CLG","FTS",50000,0.5
"1506","Z-CLG","non-transloc",25034,0.25034
"1507","Z-COA","ANF",74936,0.74936
"1508","Z-COA","non-transloc",25064,0.25064
"1509","Z-COB","ANF",74916,0.74916
"1510","Z-COB","non-transloc",25084,0.25084
"1511","Z-COP","ANF",74929,0.74929
"1512","Z-COP","non-transloc",25071,0.25071
"1513","Z-COW","ANF",74962,0.74962
"1514","Z-COW","non-transloc",25038,0.25038
"1515","Z-COY","ANF",37583,0.37583
"1516","Z-COY","FTB",24878,0.24878
"1517","Z-COY","non-transloc",37539,0.37539
"1518","Z-CPK","FTS",50000,0.5
"1519","Z-CPK","non-transloc",50000,0.5
"1520","Z-CPL","non-transloc",100000,1
"1521","Z-CSS","ANF",25060,0.2506
"1522","Z-CSS","FTS",50000,0.5
"1523","Z-CSS","non-transloc",24940,0.2494
"1524","Z-CWA","ANF",37441,0.37441
"1525","Z-CWA","non-transloc",62559,0.62559
"1526","Z-CWK","ANF",12574,0.12574
"1527","Z-CWK","non-transloc",87426,0.87426
"1528","Z-CWL","ANF",25042,0.25042
"1529","Z-CWL","non-transloc",74958,0.74958
"1530","Z-CWP","ANF",24929,0.24929
"1531","Z-CWP","non-transloc",75071,0.75071
"1532","Z-CYK","ANF",24809,0.24809
"1533","Z-CYK","non-transloc",75191,0.75191
"1534","Z-GAA","ANF",40854,0.40854
"1535","Z-GAA","non-transloc",59146,0.59146
"1536","Z-GAB","ANF",37244,0.37244
"1537","Z-GAB","non-transloc",62756,0.62756
"1538","Z-GAG","ANF",24941,0.24941
"1539","Z-GAG","CBJTC",6118,0.06118
"1540","Z-GAG","FTS",12668,0.12668
"1541","Z-GAG","non-transloc",56273,0.56273
"1542","Z-GAK","ANF",12517,0.12517
"1543","Z-GAK","FTS",25139,0.25139
"1544","Z-GAK","non-transloc",62344,0.62344
"1545","Z-GAO","ANF",43767,0.43767
"1546","Z-GAO","FTS",50000,0.5
"1547","Z-GAO","non-transloc",6233,0.06233
"1548","Z-GAR","ANF",6138,0.06138
"1549","Z-GAR","non-transloc",93862,0.93862
"1550","Z-GAW","ANF",59527,0.59527
"1551","Z-GAW","FTS",18716,0.18716
"1552","Z-GAW","non-transloc",21757,0.21757
"1553","Z-GAY","ANF",12638,0.12638
"1554","Z-GAY","non-transloc",87362,0.87362
"1555","Z-GBA","ANF",18734,0.18734
"1556","Z-GBA","FTS",12672,0.12672
"1557","Z-GBA","non-transloc",68594,0.68594
"1558","Z-GBB","ANF",12576,0.12576
"1559","Z-GBB","non-transloc",87424,0.87424
"1560","Z-GBG","ANF",25033,0.25033
"1561","Z-GBG","FTS",25037,0.25037
"1562","Z-GBG","non-transloc",49930,0.4993
"1563","Z-GBK","ANF",18854,0.18854
"1564","Z-GBK","FTS",12401,0.12401
"1565","Z-GBK","non-transloc",68745,0.68745
"1566","Z-GBW","ANF",12717,0.12717
"1567","Z-GBW","non-transloc",87283,0.87283
"1568","Z-GBY","ANF",62691,0.62691
"1569","Z-GBY","non-transloc",37309,0.37309
"1570","Z-GG","non-transloc",100000,1
"1571","Z-GGA","ANF",62612,0.62612
"1572","Z-GGA","non-transloc",37388,0.37388
"1573","Z-GGB","ANF",15525,0.15525
"1574","Z-GGB","FTS",6401,0.06401
"1575","Z-GGB","non-transloc",78074,0.78074
"1576","Z-GGG","non-transloc",100000,1
"1577","Z-GGK","ONF",100000,1
"1578","Z-GGO","ANF",27951,0.27951
"1579","Z-GGO","FTS",6336,0.06336
"1580","Z-GGO","non-transloc",65713,0.65713
"1581","Z-GGW","ANF",31095,0.31095
"1582","Z-GGW","CBJTC",12684,0.12684
"1583","Z-GGW","non-transloc",56221,0.56221
"1584","Z-GGY","ANF",12466,0.12466
"1585","Z-GGY","FTS",37666,0.37666
"1586","Z-GGY","non-transloc",49868,0.49868
"1587","Z-GKA","ANF",37526,0.37526
"1588","Z-GKA","ONF",50000,0.5
"1589","Z-GKA","non-transloc",12474,0.12474
"1590","Z-GKB","ANF",37521,0.37521
"1591","Z-GKB","CBJTC",12559,0.12559
"1592","Z-GKB","FTS",12425,0.12425
"1593","Z-GKB","non-transloc",37495,0.37495
"1594","Z-GKG","ANF",18711,0.18711
"1595","Z-GKG","non-transloc",81289,0.81289
"1596","Z-GKO","ANF",18680,0.1868
"1597","Z-GKO","CBJTC",6294,0.06294
"1598","Z-GKO","FTS",62447,0.62447
"1599","Z-GKO","non-transloc",12579,0.12579
"1600","Z-GKW","ANF",18747,0.18747
"1601","Z-GKW","FTS",12552,0.12552
"1602","Z-GKW","non-transloc",68701,0.68701
"1603","Z-GKY","ANF",25027,0.25027
"1604","Z-GKY","FTS",24997,0.24997
"1605","Z-GKY","non-transloc",49976,0.49976
"1606","Z-GOA","ANF",12638,0.12638
"1607","Z-GOA","FTS",12424,0.12424
"1608","Z-GOA","WSF-CITRUS",50000,0.5
"1609","Z-GOA","non-transloc",24938,0.24938
"1610","Z-GOB","ANF",87281,0.87281
"1611","Z-GOB","non-transloc",12719,0.12719
"1612","Z-GOG","ANF",62580,0.6258
"1613","Z-GOG","non-transloc",37420,0.3742
"1614","Z-GOK","ANF",37604,0.37604
"1615","Z-GOK","CBJTC",12509,0.12509
"1616","Z-GOK","FTS",12406,0.12406
"1617","Z-GOK","non-transloc",37481,0.37481
"1618","Z-GOO","ANF",37312,0.37312
"1619","Z-GOO","non-transloc",62688,0.62688
"1620","Z-GOW","ANF",28303,0.28303
"1621","Z-GOW","CBJTC",12368,0.12368
"1622","Z-GOW","FTS",24985,0.24985
"1623","Z-GOW","non-transloc",34344,0.34344
"1624","Z-GOY","ANF",37394,0.37394
"1625","Z-GOY","FTS",12416,0.12416
"1626","Z-GOY","non-transloc",50190,0.5019
"1627","Z-GRG","ANF",6272,0.06272
"1628","Z-GRG","non-transloc",93728,0.93728
"1629","Z-GRO","ANF",37420,0.3742
"1630","Z-GRO","non-transloc",62580,0.6258
"1631","Z-GWA","FTS",50000,0.5
"1632","Z-GWA","non-transloc",50000,0.5
"1633","Z-GWB","ANF",12653,0.12653
"1634","Z-GWB","FTS",24816,0.24816
"1635","Z-GWB","non-transloc",62531,0.62531
"1636","Z-GWG","ANF",10862,0.10862
"1637","Z-GWG","FTS",12561,0.12561
"1638","Z-GWG","ONF",50000,0.5
"1639","Z-GWG","non-transloc",26577,0.26577
"1640","Z-GWK","ANF",31445,0.31445
"1641","Z-GWK","FTS",24867,0.24867
"1642","Z-GWK","non-transloc",43688,0.43688
"1643","Z-GWO","non-transloc",100000,1
"1644","Z-GWW","ANF",12641,0.12641
"1645","Z-GWW","FTS",12456,0.12456
"1646","Z-GWW","WSF-CITRUS",50000,0.5
"1647","Z-GWW","non-transloc",24903,0.24903
"1648","Z-GWY","ANF",37301,0.37301
"1649","Z-GWY","CBJTC",12595,0.12595
"1650","Z-GWY","FTS",12314,0.12314
"1651","Z-GWY","non-transloc",37790,0.3779
"1652","Z-GY","non-transloc",100000,1
"1653","Z-GYA","ANF",28133,0.28133
"1654","Z-GYA","CBJTC",12442,0.12442
"1655","Z-GYA","FTS",25183,0.25183
"1656","Z-GYA","non-transloc",34242,0.34242
"1657","Z-GYB","ANF",43700,0.437
"1658","Z-GYB","FTS",50000,0.5
"1659","Z-GYB","non-transloc",6300,0.063
"1660","Z-GYK","ANF",43598,0.43598
"1661","Z-GYK","WSF-CITRUS",50000,0.5
"1662","Z-GYK","non-transloc",6402,0.06402
"1663","Z-GYO","ANF",12640,0.1264
"1664","Z-GYO","FTS",24942,0.24942
"1665","Z-GYO","non-transloc",62418,0.62418
"1666","Z-GYW","ANF",18845,0.18845
"1667","Z-GYW","FTS",12408,0.12408
"1668","Z-GYW","non-transloc",68747,0.68747
"1669","Z-GYY","ANF",12523,0.12523
"1670","Z-GYY","non-transloc",87477,0.87477
"1671","Z-HAB","ANF",50037,0.50037
"1672","Z-HAB","non-transloc",49963,0.49963
"1673","Z-HAG","non-transloc",100000,1
"1674","Z-HAS","ANF",50000,0.5
"1675","Z-HAS","non-transloc",50000,0.5
"1676","Z-HBH","ANF",50000,0.5
"1677","Z-HBH","non-transloc",50000,0.5
"1678","Z-HBL","non-transloc",100000,1
"1679","Z-HCC","ANF",25032,0.25032
"1680","Z-HCC","non-transloc",74968,0.74968
"1681","Z-HGW","non-transloc",100000,1
"1682","Z-HHG","non-transloc",100000,1
"1683","Z-HKO","non-transloc",100000,1
"1684","Z-HLG","non-transloc",100000,1
"1685","Z-HLY","ANF",50000,0.5
"1686","Z-HLY","non-transloc",50000,0.5
"1687","Z-HOP","non-transloc",100000,1
"1688","Z-HOW","non-transloc",100000,1
"1689","Z-HPB","non-transloc",100000,1
"1690","Z-HPL","ANF",25053,0.25053
"1691","Z-HPL","non-transloc",74947,0.74947
"1692","Z-HSA","non-transloc",100000,1
"1693","Z-HWL","ANF",24904,0.24904
"1694","Z-HWL","non-transloc",75096,0.75096
"1695","Z-HWP","non-transloc",100000,1
"1696","Z-HWW","ANF",12629,0.12629
"1697","Z-HWW","non-transloc",87371,0.87371
"1698","Z-HYA","ANF",75045,0.75045
"1699","Z-HYA","non-transloc",24955,0.24955
"1700","Z-HYK","ANF",50000,0.5
"1701","Z-HYK","non-transloc",50000,0.5
"1702","Z-HYP","ANF",50000,0.5
"1703","Z-HYP","non-transloc",50000,0.5
"1704","Z-L","non-transloc",100000,1
"1705","Z-LA","non-transloc",100000,1
"1706","Z-LB","non-transloc",100000,1
"1707","Z-LG","non-transloc",100000,1
"1708","Z-LL","non-transloc",100000,1
"1709","Z-LLL","non-transloc",100000,1
"1710","Z-LY","non-transloc",100000,1
"1711","Z-LYY","non-transloc",100000,1
"1712","Z-OAB","CBJTC",25041,0.25041
"1713","Z-OAB","FTS",50000,0.5
"1714","Z-OAB","non-transloc",24959,0.24959
"1715","Z-OAC","ANF",74950,0.7495
"1716","Z-OAC","non-transloc",25050,0.2505
"1717","Z-OAO","ANF",12662,0.12662
"1718","Z-OAO","non-transloc",87338,0.87338
"1719","Z-OB","non-transloc",100000,1
"1720","Z-OBG","ANF",24992,0.24992
"1721","Z-OBG","CBJTC",24844,0.24844
"1722","Z-OBG","non-transloc",50164,0.50164
"1723","Z-OBH","ANF",12557,0.12557
"1724","Z-OBH","non-transloc",87443,0.87443
"1725","Z-OBL","FTS",25091,0.25091
"1726","Z-OBL","non-transloc",74909,0.74909
"1727","Z-OBP","ANF",50000,0.5
"1728","Z-OBP","non-transloc",50000,0.5
"1729","Z-OBW","ANF",31247,0.31247
"1730","Z-OBW","non-transloc",68753,0.68753
"1731","Z-OBY","ANF",25019,0.25019
"1732","Z-OBY","non-transloc",74981,0.74981
"1733","Z-OCB","ANF",12668,0.12668
"1734","Z-OCB","non-transloc",87332,0.87332
"1735","Z-OCW","ANF",25006,0.25006
"1736","Z-OCW","non-transloc",74994,0.74994
"1737","Z-OGC","ANF",24899,0.24899
"1738","Z-OGC","FTS",24995,0.24995
"1739","Z-OGC","non-transloc",50106,0.50106
"1740","Z-OGL","ANF",25079,0.25079
"1741","Z-OGL","non-transloc",74921,0.74921
"1742","Z-OGP","FTS",50000,0.5
"1743","Z-OGP","non-transloc",50000,0.5
"1744","Z-OGS","ANF",37563,0.37563
"1745","Z-OGS","FTB",24919,0.24919
"1746","Z-OGS","non-transloc",37518,0.37518
"1747","Z-OHG","ANF",37273,0.37273
"1748","Z-OHG","non-transloc",62727,0.62727
"1749","Z-OHH","ANF",62479,0.62479
"1750","Z-OHH","non-transloc",37521,0.37521
"1751","Z-OHW","FTS",24920,0.2492
"1752","Z-OHW","non-transloc",75080,0.7508
"1753","Z-OKA","non-transloc",100000,1
"1754","Z-OKC","ANF",37337,0.37337
"1755","Z-OKC","non-transloc",62663,0.62663
"1756","Z-OKL","ANF",12541,0.12541
"1757","Z-OKL","non-transloc",87459,0.87459
"1758","Z-OKO","ANF",50000,0.5
"1759","Z-OKO","non-transloc",50000,0.5
"1760","Z-OLA","ANF",50000,0.5
"1761","Z-OLA","CBJTC",25191,0.25191
"1762","Z-OLA","non-transloc",24809,0.24809
"1763","Z-OLK","ANF",12536,0.12536
"1764","Z-OLK","non-transloc",87464,0.87464
"1765","Z-OLY","non-transloc",100000,1
"1766","Z-OO","non-transloc",100000,1
"1767","Z-OOG","ANF",50000,0.5
"1768","Z-OOG","non-transloc",50000,0.5
"1769","Z-OOP","ANF",24990,0.2499
"1770","Z-OOP","non-transloc",75010,0.7501
"1771","Z-OPH","ANF",50000,0.5
"1772","Z-OPH","non-transloc",50000,0.5
"1773","Z-OPL","ANF",50000,0.5
"1774","Z-OPL","CBJTC",24869,0.24869
"1775","Z-OPL","non-transloc",25131,0.25131
"1776","Z-OPS","FTS",50000,0.5
"1777","Z-OPS","non-transloc",50000,0.5
"1778","Z-OPY","ANF",12529,0.12529
"1779","Z-OPY","non-transloc",87471,0.87471
"1780","Z-OSA","ANF",50000,0.5
"1781","Z-OSA","non-transloc",50000,0.5
"1782","Z-OSP","ANF",24987,0.24987
"1783","Z-OSP","FTS",50000,0.5
"1784","Z-OSP","non-transloc",25013,0.25013
"1785","Z-OSY","ANF",37704,0.37704
"1786","Z-OSY","FTS",24821,0.24821
"1787","Z-OSY","non-transloc",37475,0.37475
"1788","Z-OWB","ANF",74907,0.74907
"1789","Z-OWB","non-transloc",25093,0.25093
"1790","Z-OWH","ANF",50000,0.5
"1791","Z-OWH","non-transloc",50000,0.5
"1792","Z-OWL","non-transloc",100000,1
"1793","Z-OWO","CBJTC",25104,0.25104
"1794","Z-OWO","FTS",50000,0.5
"1795","Z-OWO","non-transloc",24896,0.24896
"1796","Z-OY","non-transloc",100000,1
"1797","Z-OYB","ANF",37715,0.37715
"1798","Z-OYB","FTB",24899,0.24899
"1799","Z-OYB","non-transloc",37386,0.37386
"1800","Z-OYH","ANF",24984,0.24984
"1801","Z-OYH","non-transloc",75016,0.75016
"1802","Z-OYL","ANF",62431,0.62431
"1803","Z-OYL","non-transloc",37569,0.37569
"1804","Z-OYO","non-transloc",100000,1
"1805","Z-POO","ANF",25021,0.25021
"1806","Z-POO","FTS",24858,0.24858
"1807","Z-POO","non-transloc",50121,0.50121
"1808","Z-PP","non-transloc",100000,1
"1809","Z-PY","non-transloc",100000,1
"1810","Z-SAC","ANF",37545,0.37545
"1811","Z-SAC","FTS",25130,0.2513
"1812","Z-SAC","non-transloc",37325,0.37325
"1813","Z-SAG","ANF",50000,0.5
"1814","Z-SAG","CBJTC",24850,0.2485
"1815","Z-SAG","non-transloc",25150,0.2515
"1816","Z-SAO","ANF",18826,0.18826
"1817","Z-SAO","CBJTC",12412,0.12412
"1818","Z-SAO","non-transloc",68762,0.68762
"1819","Z-SAP","ANF",87450,0.8745
"1820","Z-SAP","non-transloc",12550,0.1255
"1821","Z-SAY","ANF",24939,0.24939
"1822","Z-SAY","FTS",24965,0.24965
"1823","Z-SAY","non-transloc",50096,0.50096
"1824","Z-SBH","ANF",12466,0.12466
"1825","Z-SBH","non-transloc",87534,0.87534
"1826","Z-SBK","ANF",37544,0.37544
"1827","Z-SBK","non-transloc",62456,0.62456
"1828","Z-SBW","ANF",12600,0.126
"1829","Z-SBW","non-transloc",87400,0.874
"1830","Z-SCB","ANF",24940,0.2494
"1831","Z-SCB","FTS",50000,0.5
"1832","Z-SCB","non-transloc",25060,0.2506
"1833","Z-SCO","ANF",37384,0.37384
"1834","Z-SCO","non-transloc",62616,0.62616
"1835","Z-SCS","ONF",100000,1
"1836","Z-SCW","ANF",37637,0.37637
"1837","Z-SCW","FTS",50000,0.5
"1838","Z-SCW","non-transloc",12363,0.12363
"1839","Z-SGA","ANF",12566,0.12566
"1840","Z-SGA","non-transloc",87434,0.87434
"1841","Z-SGO","ANF",24795,0.24795
"1842","Z-SGO","FTS",24894,0.24894
"1843","Z-SGO","non-transloc",50311,0.50311
"1844","Z-SGY","ANF",30911,0.30911
"1845","Z-SGY","FTS",12537,0.12537
"1846","Z-SGY","non-transloc",56552,0.56552
"1847","Z-SHA","ANF",25016,0.25016
"1848","Z-SHA","FTS",50000,0.5
"1849","Z-SHA","non-transloc",24984,0.24984
"1850","Z-SHB","ANF",12566,0.12566
"1851","Z-SHB","FTS",50000,0.5
"1852","Z-SHB","non-transloc",37434,0.37434
"1853","Z-SHH","non-transloc",100000,1
"1854","Z-SHP","ANF",19079,0.19079
"1855","Z-SHP","FTB",12444,0.12444
"1856","Z-SHP","non-transloc",68477,0.68477
"1857","Z-SHY","ANF",87534,0.87534
"1858","Z-SHY","non-transloc",12466,0.12466
"1859","Z-SKA","ANF",12521,0.12521
"1860","Z-SKA","non-transloc",87479,0.87479
"1861","Z-SKC","ANF",50000,0.5
"1862","Z-SKC","non-transloc",50000,0.5
"1863","Z-SKW","ANF",40775,0.40775
"1864","Z-SKW","non-transloc",59225,0.59225
"1865","Z-SKY","ANF",50000,0.5
"1866","Z-SKY","CBJTC",25093,0.25093
"1867","Z-SKY","non-transloc",24907,0.24907
"1868","Z-SOB","ANF",50000,0.5
"1869","Z-SOB","CBJTC",24979,0.24979
"1870","Z-SOB","non-transloc",25021,0.25021
"1871","Z-SOS","ANF",74994,0.74994
"1872","Z-SOS","non-transloc",25006,0.25006
"1873","Z-SPA","non-transloc",100000,1
"1874","Z-SPC","ANF",12547,0.12547
"1875","Z-SPC","non-transloc",87453,0.87453
"1876","Z-SPY","ANF",6346,0.06346
"1877","Z-SPY","FTS",50000,0.5
"1878","Z-SPY","non-transloc",43654,0.43654
"1879","Z-SS","non-transloc",100000,1
"1880","Z-SSH","ANF",37525,0.37525
"1881","Z-SSH","FTS",50000,0.5
"1882","Z-SSH","non-transloc",12475,0.12475
"1883","Z-SSK","FTS",50000,0.5
"1884","Z-SSK","non-transloc",50000,0.5
"1885","Z-SSY","ANF",18965,0.18965
"1886","Z-SSY","FTS",50000,0.5
"1887","Z-SSY","non-transloc",31035,0.31035
"1888","Z-SWG","ANF",18735,0.18735
"1889","Z-SWG","FTS",50000,0.5
"1890","Z-SWG","non-transloc",31265,0.31265
"1891","Z-SWH","ANF",6372,0.06372
"1892","Z-SWH","non-transloc",93628,0.93628
"1893","Z-SWO","ANF",31355,0.31355
"1894","Z-SWO","FTB",12427,0.12427
"1895","Z-SWO","non-transloc",56218,0.56218
"1896","Z-SWP","ANF",37352,0.37352
"1897","Z-SWP","non-transloc",62648,0.62648
"1898","Z-SYK","ANF",25080,0.2508
"1899","Z-SYK","FTS",24874,0.24874
"1900","Z-SYK","non-transloc",50046,0.50046
"1901","Z-SYP","non-transloc",100000,1
"1902","Z-SYY","ANF",18673,0.18673
"1903","Z-SYY","FTS",37691,0.37691
"1904","Z-SYY","non-transloc",43636,0.43636
"1905","Z-W","non-transloc",100000,1
"1906","Z-WAH","non-transloc",100000,1
"1907","Z-WAK","ANF",25227,0.25227
"1908","Z-WAK","non-transloc",74773,0.74773
"1909","Z-WAY","ANF",24848,0.24848
"1910","Z-WAY","non-transloc",75152,0.75152
"1911","Z-WBB","ANF",25086,0.25086
"1912","Z-WBB","non-transloc",74914,0.74914
"1913","Z-WBL","non-transloc",100000,1
"1914","Z-WBY","ANF",75018,0.75018
"1915","Z-WBY","non-transloc",24982,0.24982
"1916","Z-WCA","non-transloc",100000,1
"1917","Z-WCH","FTS",50000,0.5
"1918","Z-WCH","non-transloc",50000,0.5
"1919","Z-WGA","ANF",50000,0.5
"1920","Z-WGA","non-transloc",50000,0.5
"1921","Z-WGB","ANF",25046,0.25046
"1922","Z-WGB","non-transloc",74954,0.74954
"1923","Z-WGC","FTS",50000,0.5
"1924","Z-WGC","non-transloc",50000,0.5
"1925","Z-WGG","ANF",50000,0.5
"1926","Z-WGG","non-transloc",50000,0.5
"1927","Z-WGH","non-transloc",100000,1
"1928","Z-WGL","non-transloc",100000,1
"1929","Z-WHL","ANF",37559,0.37559
"1930","Z-WHL","FTB",24908,0.24908
"1931","Z-WHL","non-transloc",37533,0.37533
"1932","Z-WHW","ANF",74961,0.74961
"1933","Z-WHW","non-transloc",25039,0.25039
"1934","Z-WKB","ANF",100000,1
"1935","Z-WKW","ANF",75141,0.75141
"1936","Z-WKW","non-transloc",24859,0.24859
"1937","Z-WL","non-transloc",100000,1
"1938","Z-WLA","non-transloc",100000,1
"1939","Z-WLK","non-transloc",100000,1
"1940","Z-WLO","ANF",50000,0.5
"1941","Z-WLO","non-transloc",50000,0.5
"1942","Z-WLY","CBJTC",50000,0.5
"1943","Z-WLY","non-transloc",50000,0.5
"1944","Z-WOB","non-transloc",100000,1
"1945","Z-WOK","FTS",50000,0.5
"1946","Z-WOK","non-transloc",50000,0.5
"1947","Z-WOL","ANF",75184,0.75184
"1948","Z-WOL","non-transloc",24816,0.24816
"1949","Z-WOO","ANF",50000,0.5
"1950","Z-WOO","non-transloc",50000,0.5
"1951","Z-WOP","non-transloc",100000,1
"1952","Z-WP","non-transloc",100000,1
"1953","Z-WPC","ANF",75057,0.75057
"1954","Z-WPC","non-transloc",24943,0.24943
"1955","Z-WPS","ANF",50000,0.5
"1956","Z-WPS","non-transloc",50000,0.5
"1957","Z-WSH","non-transloc",100000,1
"1958","Z-WSK","ANF",74965,0.74965
"1959","Z-WSK","non-transloc",25035,0.25035
"1960","Z-WW","non-transloc",100000,1
"1961","Z-WWW","ANF",24934,0.24934
"1962","Z-WWW","non-transloc",75066,0.75066
"1963","Z-WYA","ANF",24898,0.24898
"1964","Z-WYA","non-transloc",75102,0.75102
"1965","Z-WYP","ANF",50000,0.5
"1966","Z-WYP","non-transloc",50000,0.5
"1967","Z-YA","non-transloc",100000,1
"1968","Z-YAB","non-transloc",100000,1
"1969","Z-YAG","non-transloc",100000,1
"1970","Z-YB","non-transloc",100000,1
"1971","Z-YBS","ANF",74916,0.74916
"1972","Z-YBS","non-transloc",25084,0.25084
"1973","Z-YBW","non-transloc",100000,1
"1974","Z-YCG","non-transloc",100000,1
"1975","Z-YCH","FTB",50000,0.5
"1976","Z-YCH","non-transloc",50000,0.5
"1977","Z-YGG","non-transloc",100000,1
"1978","Z-YGH","ANF",37577,0.37577
"1979","Z-YGH","FTB",24853,0.24853
"1980","Z-YGH","non-transloc",37570,0.3757
"1981","Z-YHA","ANF",50000,0.5
"1982","Z-YHA","non-transloc",50000,0.5
"1983","Z-YHB","non-transloc",100000,1
"1984","Z-YKP","ANF",50000,0.5
"1985","Z-YKP","non-transloc",50000,0.5
"1986","Z-YL","non-transloc",100000,1
"1987","Z-YLB","ANF",50000,0.5
"1988","Z-YLB","non-transloc",50000,0.5
"1989","Z-YLC","non-transloc",100000,1
"1990","Z-YLL","non-transloc",100000,1
"1991","Z-YLO","non-transloc",100000,1
"1992","Z-YLW","FTB",50000,0.5
"1993","Z-YLW","non-transloc",50000,0.5
"1994","Z-YO","non-transloc",100000,1
"1995","Z-YOA","non-transloc",100000,1
"1996","Z-YOH","non-transloc",100000,1
"1997","Z-YOY","non-transloc",100000,1
"1998","Z-YPG","FTB",50000,0.5
"1999","Z-YPG","non-transloc",50000,0.5
"2000","Z-YSP","non-transloc",100000,1
"2001","Z-YWA","non-transloc",100000,1
"2002","Z-YWC","ANF",50000,0.5
"2003","Z-YWC","non-transloc",50000,0.5
"2004","Z-YWG","ANF",50000,0.5
"2005","Z-YWG","non-transloc",50000,0.5
"2006","Z-YWO","non-transloc",100000,1
"2007","Z-YY","non-transloc",100000,1
"2008","Z-YYY","non-transloc",100000,1
"2009","Z=COB","ANF",25029,0.25029
"2010","Z=COB","non-transloc",74971,0.74971
"2011","Z=L","non-transloc",100000,1
"2012","ZA-A","non-transloc",100000,1
"2013","ZA-AHA","FTB",100000,1
"2014","ZA-CS","non-transloc",100000,1
"2015","ZA-GGG","ANF",100000,1
"2016","ZA-KBY","ANF",100000,1
"2017","ZA-LB","non-transloc",100000,1
"2018","ZA-PA","non-transloc",100000,1
"2019","ZA-PC","non-transloc",100000,1
"2020","ZA-PG","non-transloc",100000,1
"2021","ZA-PO","non-transloc",100000,1
"2022","ZA-PP","non-transloc",100000,1
"2023","ZA-PS","non-transloc",100000,1
"2024","ZA-PW","non-transloc",100000,1
"2025","ZA-WO","non-transloc",100000,1
"2026","ZA-WP","non-transloc",100000,1
"2027","ZA-WW","non-transloc",100000,1
"2028","ZB-AYP","FTS",100000,1
"2029","ZB-BC","non-transloc",100000,1
"2030","ZB-CA","non-transloc",100000,1
"2031","ZB-CG","non-transloc",100000,1
"2032","ZB-CL","non-transloc",100000,1
"2033","ZB-CP","non-transloc",100000,1
"2034","ZB-CY","non-transloc",100000,1
"2035","ZB-LL","non-transloc",100000,1
"2036","ZB-P","non-transloc",100000,1
"2037","ZB-SC","non-transloc",100000,1
"2038","ZB-W","non-transloc",100000,1
"2039","ZB-WA","non-transloc",100000,1
"2040","ZB-Y","non-transloc",100000,1
"2041","ZB-YO","non-transloc",100000,1
"2042","ZB-YY","non-transloc",100000,1
"2043","ZB=CL","non-transloc",100000,1
"2044","ZC-BB","non-transloc",100000,1
"2045","ZC-BG","non-transloc",100000,1
"2046","ZC-BL","non-transloc",100000,1
"2047","ZC-BO","non-transloc",100000,1
"2048","ZC-BY","non-transloc",100000,1
"2049","ZC-CW","non-transloc",100000,1
"2050","ZC-G","non-transloc",100000,1
"2051","ZC-LG","non-transloc",100000,1
"2052","ZC-LO","non-transloc",100000,1
"2053","ZC-LP","non-transloc",100000,1
"2054","ZC-LW","non-transloc",100000,1
"2055","ZC-LY","non-transloc",100000,1
"2056","ZC-O","non-transloc",100000,1
"2057","ZG-AO","non-transloc",100000,1
"2058","ZG-AP","non-transloc",100000,1
"2059","ZG-BO","non-transloc",100000,1
"2060","ZG-CA","non-transloc",100000,1
"2061","ZG-CC","non-transloc",100000,1
"2062","ZG-G","non-transloc",100000,1
"2063","ZG-GWO","ANF",100000,1
"2064","ZG-SB","non-transloc",100000,1
"2065","ZG-WC","non-transloc",100000,1
"2066","ZG-Y","non-transloc",100000,1
"2067","ZG-YP","non-transloc",100000,1
"2068","ZG-YW","non-transloc",100000,1
"2069","ZG-YYF","ANF",100000,1
"2070","ZH-BL","non-transloc",100000,1
"2071","ZK-OHP","ANF",100000,1
"2072","ZK-YHG","ANF",100000,1
"2073","ZL-A","non-transloc",100000,1
"2074","ZL-AA","non-transloc",100000,1
"2075","ZL-AB","non-transloc",100000,1
"2076","ZL-AC","non-transloc",100000,1
"2077","ZL-CB","non-transloc",100000,1
"2078","ZL-CW","non-transloc",100000,1
"2079","ZL-O","non-transloc",100000,1
"2080","ZL-SA","non-transloc",100000,1
"2081","ZL-SG","non-transloc",100000,1
"2082","ZL-SW","non-transloc",100000,1
"2083","ZL-SY","non-transloc",100000,1
"2084","ZL-YL","non-transloc",100000,1
"2085","ZO-AGA","FTB",100000,1
"2086","ZO-BP","non-transloc",100000,1
"2087","ZO-BW","non-transloc",100000,1
"2088","ZO-BY","non-transloc",100000,1
"2089","ZO-L","non-transloc",100000,1
"2090","ZO-LA","non-transloc",100000,1
"2091","ZO-OA","non-transloc",100000,1
"2092","ZO-OB","non-transloc",100000,1
"2093","ZO-OG","non-transloc",100000,1
"2094","ZO-OL","non-transloc",100000,1
"2095","ZO-OW","non-transloc",100000,1
"2096","ZO-OY","non-transloc",100000,1
"2097","ZO-P","non-transloc",100000,1
"2098","ZO-Y","non-transloc",100000,1
"2099","ZO-YB","non-transloc",100000,1
"2100","ZP-AG","non-transloc",100000,1
"2101","ZP-AW","non-transloc",100000,1
"2102","ZP-AY","non-transloc",100000,1
"2103","ZP-GA","non-transloc",100000,1
"2104","ZP-GB","non-transloc",100000,1
"2105","ZP-GC","non-transloc",100000,1
"2106","ZP-GY","non-transloc",100000,1
"2107","ZP-L","non-transloc",100000,1
"2108","ZP-P","non-transloc",100000,1
"2109","ZP-PP","non-transloc",100000,1
"2110","ZP-W","non-transloc",100000,1
"2111","ZP-WWK","FTS",100000,1
"2112","ZP-Y","non-transloc",100000,1
"2113","ZS-C","non-transloc",100000,1
"2114","ZS-GG","non-transloc",100000,1
"2115","ZS-GL","non-transloc",100000,1
"2116","ZS-GS","non-transloc",100000,1
"2117","ZS-WW","non-transloc",100000,1
"2118","ZS-YC","non-transloc",100000,1
"2119","ZS-YG","non-transloc",100000,1
"2120","ZS-YL","non-transloc",100000,1
"2121","ZS-YS","non-transloc",100000,1
"2122","ZS-YY","non-transloc",100000,1
"2123","ZSP-","non-transloc",100000,1
"2124","ZW-AS","non-transloc",100000,1
"2125","ZW-BA","non-transloc",100000,1
"2126","ZW-CO","non-transloc",100000,1
"2127","ZW-GL","non-transloc",100000,1
"2128","ZW-LL","non-transloc",100000,1
"2129","ZW-O","non-transloc",100000,1
"2130","ZW-OO","non-transloc",100000,1
"2131","ZW-OP","non-transloc",100000,1
"2132","ZW-OS","non-transloc",100000,1
"2133","ZW-PB","non-transloc",100000,1
"2134","ZW-PL","non-transloc",100000,1
"2135","ZW-PY","non-transloc",100000,1
"2136","ZW-W","non-transloc",100000,1
"2137","ZW-WG","non-transloc",100000,1
"2138","ZW-WL","non-transloc",100000,1
"2139","ZW-WY","non-transloc",100000,1
"2140","ZW-Y","non-transloc",100000,1
"2141","ZW-YA","non-transloc",100000,1
"2142","ZY-A","non-transloc",100000,1
"2143","ZY-AA","non-transloc",100000,1
"2144","ZY-B","non-transloc",100000,1
"2145","ZY-BS","non-transloc",100000,1
"2146","ZY-CS","non-transloc",100000,1
"2147","ZY-GO","non-transloc",100000,1
"2148","ZY-GP","non-transloc",100000,1
"2149","ZY-GW","non-transloc",100000,1
"2150","ZY-HOA","ONF",100000,1
"2151","ZY-LC","non-transloc",100000,1
"2152","ZY-LS","non-transloc",100000,1
"2153","ZY-LY","non-transloc",100000,1
"2154","ZY-SL","non-transloc",100000,1
"2155","ZY-SO","non-transloc",100000,1
"2156","ZY-SP","non-transloc",100000,1
"2157","ZY-WB","non-transloc",100000,1
"2158","ZY-WS","non-transloc",100000,1
"2159","ZY-Y","non-transloc",100000,1
"2160","ZY-YL","non-transloc",100000,1
"2161","ZY-YY","non-transloc",100000,1
