"","id","f_ped"
"1","ZS-YY",0
"2","LL-ZC",0
"3","ZC-LG",0
"4","ZP-GA",0
"5","ZW-OO",0
"6","ZG-AP",0
"7","ZW-OP",0
"8","ZY-WB",0
"9","ZB-SC",0
"10","ZO-BY",0
"11","ZC-LO",0
"12","ZA-PP",0
"13","ZA-PW",0
"14","ZL-CB",0
"15","ZW-PY",0
"16","ZS-GL",0
"17","ZY-GO",0
"18","ZY-GP",0
"19","ZC-BL",0
"20","ZC-BG",0
"21","ZC-BB",0
"22","ZA-PS",0
"23","ZB-CA",0
"24","ZB-CG",0
"25","ZL-SG",0
"26","ZL-SY",0
"27","ZL-SA",0
"28","ZA-PO",0
"29","ZW-PL",0
"30","ZS-GG",0
"31","ZO-BP",0
"32","ZG-AO",0
"33","ZC-BO",0
"34","ZP-AG",0
"35","ZP-AY",0
"36","ZO-OG",0
"37","ZO-OY",0
"38","ZO-OL",0
"39","ZG-YW",0
"40","ZO-OA",0
"41","ZA-WP",0
"42","ZG-YP",0
"43","ZC-LY",0
"44","ZO-YB",0
"45","ZL-CW",0
"46","ZA-WW",0
"47","ZA-WO",0
"48","ZY-GW",0
"49","ZO-OW",0
"50","ZO-OB",0
"51","ZP-GY",0
"52","ZP-AW",0
"53","Z-YYY",0
"54","Z-YLL",0
"55","Z-YGG",0
"56","Z-LLL",0
"57","Z-LYY",0
"58","ZO-BW",0
"59","ZS-YL",0
"60","ZA-PG",0
"61","ZA-PA",0
"62","ZW-PB",0
"63","ZB-CY",0
"64","ZB-CL",0
"65","ZB-CP",0
"66","ZA-PC",0
"67","ZS-YG",0
"68","ZW-OS",0
"69","ZO-LA",0
"70","ZW-YA",0
"71","ZB-YO",0
"72","ZW-WY",0
"73","ZW-WL",0
"74","ZP-GB",0
"75","ZP-GC",0
"76","ZC-LW",0
"77","ZC-LP",0
"78","ZW-WG",0
"79","ZS-YC",0
"80","ZS-YS",0
"81","ZW-CO",0
"82","ZG-SB",0
"83","GS-Z",0
"84","PA-ZA",0
"85","PY-Z",0
"86","SL-ZL",0
"87","PL-Z",0
"88","AB-ZG",0
"89","CL-ZB",0
"90","GO-ZP",0
"91","GP-ZP",0
"92","ZC-BY",0
"93","BA-ZC",0
"94","BL-ZO",0
"95","GL-ZP",0
"96","GG-ZP",0
"97","PA-ZW",0
"98","WL-ZA",0
"99","YG-ZS",0
"100","YA-ZS",0
"101","GY-ZY",0
"102","BC-ZC",0
"103","LL=ZC",0
"104","LC-ZC",0
"105","PO-ZA",0
"106","PY-ZA",0
"107","AO-ZP",0
"108","AY-ZP",0
"109","YB-ZG",0
"110","ZL-SW",0
"111","ZY-LS",0
"112","ZY-LC",0
"113","ZA-LB",0
"114","AL-ZA",0
"115","ZG-WC",0
"116","ZL-AA",0
"117","ZL-AB",0
"118","ZY-SO",0
"119","ZW-BA",0
"120","ZS-GS",0
"121","YY-Z",0
"122","YL-Z",0
"123","B-Z",0
"124","YO-Z",0
"125","YP-Z",0
"126","YW-Z",0
"127","LL-Z",0
"128","LY-Z",0
"129","LG-Z",0
"130","LA-Z",0
"131","LB-Z",0
"132","LO-Z",0
"133","LP-Z",0
"134","LW-Z",0
"135","GG-Z",0
"136","GA-Z",0
"137","GB-Z",0
"138","WG-Z",0
"139","AY-Z",0
"140","AL-Z",0
"141","AG-Z",0
"142","AA-Z",0
"143","AB-Z",0
"144","OA-Z",0
"145","PA-Z",0
"146","YG-Z",0
"147","BY-Z",0
"148","AW-Z",0
"149","BL-Z",0
"150","BA-Z",0
"151","BO-Z",0
"152","AC-Z",0
"153","ZB-WA",0
"154","ZL-AC",0
"155","ZW-AS",0
"156","ZY-BS",0
"157","ZB-BC",0
"158","ZY-WS",0
"159","ZY-SP",0
"160","ZA-CS",0
"161","ZY-SL",0
"162","ZY-CS",0
"163","ZY-YY",0
"164","ZY-YL",0
"165","Z-YY",0
"166","Z-LY",0
"167","Z-GY",0
"168","Z-YA",0
"169","Z-YB",0
"170","Z-YL",0
"171","Z-LL",0
"172","Z-LG",0
"173","Z-AL",0
"174","Z-AA",0
"175","Z-AY",0
"176","Z-LA",0
"177","Z-GG",0
"178","Z-OY",0
"179","Z-OB",0
"180","Z-PY",0
"181","Z-WP",0
"182","Z-WW",0
"183","Z-WL",0
"184","Z-YO",0
"185","Z-LB",0
"186","Z-BY",0
"187","Z-AP",0
"188","Z-OO",0
"189","Z-PP",0
"190","Z-L",0
"191","Z-AO",0
"192","Z-BB",0
"193","Z-BW",0
"194","ZY-LY",0
"195","ZW-LL",0
"196","ZW-GL",0
"197","ZP-P",0
"198","ZW-W",0
"199","Z-W",0
"200","ZG-Y",0
"201","Z=L",0
"202","ZL-A",0
"203","ZY-Y",0
"204","ZW-Y",0
"205","ZY-A",0
"206","OZ-O",0
"207","ZO-P",0
"208","ZL-O",0
"209","ZO-Y",0
"210","ZO-L",0
"211","ZY-B",0
"212","ZB-W",0
"213","ZC-G",0
"214","ZC-O",0
"215","ZP-Y",0
"216","ZP-L",0
"217","ZP-W",0
"218","Z-A",0
"219","ZW-O",0
"220","ZG-G",0
"221","ZB-P",0
"222","ZA-A",0
"223","ZB-Y",0
"224","OZ-W",0
"225","BZ-A",0
"226","AZ-W",0
"227","GZ-C",0
"228","KOW-BZ",0
"229","BZ-O",0
"230","AZ-L",0
"231","YZ-W",0
"232","AZ-Y",0
"233","WZ-O",0
"234","PZ-L",0
"235","GZ-A",0
"236","ZG-CA",0
"237","ZB-YY",0
"238","ZS-C",0
"239","YZ-Y",0
"240","GZ-G",0
"241","LZ-S",0
"242","AZ-B",0
"243","BZ-Y",0
"244","CZ-L",0
"245","OZ-S",0
"246","YZ-G",0
"247","WZ-Y",0
"248","BZ-B",0
"249","CZ-A",0
"250","PZ-Y",0
"251","SZ-S",0
"252","LZ-C",0
"253","LG=Z",0
"254","GZ-B",0
"255","CZ-C",0
"256","SZ-W",0
"257","LZ-P",0
"258","GS-ZY",0
"259","LH-ZB",0
"260","AA-ZS",0
"261","LB-ZL",0
"262","CA-ZC",0
"263","OO-ZL",0
"264","GW-ZW",0
"265","BC-ZY",0
"266","CG-ZG",0
"267","YO-ZY",0
"268","GO-ZO",0
"269","CA-ZY",0
"270","LL-ZY",0
"271","WW-ZG",0
"272","SL-ZS",0
"273","WG-ZS",0
"274","GO-ZB",0
"275","LW-ZB",0
"276","WC-ZS",0
"277","CP-ZL",0
"278","BP-ZC",0
"279","YW-ZC",0
"280","GS-ZH",0
"281","WW-ZO",0
"282","YY-ZH",0
"283","ZB=CL",0
"284","WG-ZA",0
"285","PP-ZY",0
"286","AA-ZB",0
"287","YA-ZP",0.125
"288","ZB-LL",0
"289","ZG-BO",0
"290","WW-ZB",0
"291","OO-ZY",0
"292","ZG-CC",0
"293","GG-ZS",0
"294","AC-ZB",0
"295","ZH-BL",0
"296","ZY-AA",0
"297","WW-ZY",0
"298","ZC-CW",0
"299","ZP-PP",0
"300","YS-ZG",0
"301","ZL-YL",0
"302","GS-ZO",0
"303","BA-ZL",0
"304","ZS-WW",0
"305","YY-ZY",0
"306","PL-ZC",0
"307","CL-ZW",0
"308","Z-SS",0
"309","BL-ZC",0
"310","BB-ZB",0
"311","GG-ZG",0
"312","HBH-Z",0
"313","CAZ-",0
"314","GOZ-",0
"315","-WOZ",0
"316","-YBZ",0
"317","CLZ-",0
"318","PBZ-",0
"319","HLZ-",0
"320","HGZ-",0
"321","LGZ-",0
"322","ACZ-",0
"323","PPZ-",0
"324","YHZ-",0
"325","HAZ-",0
"326","HPZ-",0
"327","YLZ-",0
"328","WAZ-",0
"329","YPZ-",0
"330","GGZ-",0
"331","SHZ-",0.0625
"332","BYZ-",0.0625
"333","HHZ-",0
"334","OOZ-",0
"335","-PAZ",0
"336","GWZ-",0
"337","GAB-ZG",0
"338","ZG-GWO",0
"339","GBK-PZ",0
"340","ZA-GGG",0
"341","LYZ-",0
"342","ABZ-",0
"343","CPZ-",0
"344","BHZ-",0
"345","ZA-AHA",0
"346","YZ-LGL",0
"347","PZ-PAP",0
"348","ZO-AGA",0
"349","-GZO",0
"350","-BZA",0
"351","-OZP",0
"352","-HZW",0
"353","-PZL",0
"354","-OZB",0
"355","-AZH",0
"356","-PZS",0
"357","-YZG",0
"358","-HZB",0
"359","-YZO",0
"360","-CZP",0
"361","-AZO",0
"362","-CZB",0.0625
"363","-CZC",0
"364","-AZW",0
"365","-WZG",0
"366","-HZA",0
"367","-OZG",0
"368","-PZW",0
"369","-CZG",0
"370","-SZH",0
"371","-PZP",0
"372","-OZC",0
"373","HBO-Z",0
"374","OHA-ZK",0
"375","OWO-AZ",0
"376","OAW-PZ",0
"377","ZK-OHP",0
"378","KOL-CZ",0
"379","LY-BZ",0
"380","OG-PZ",0
"381","KAG-PZ",0.0625
"382","BA-CZ",0.0625
"383","PG-YZ",0
"384","KLH-OZ",0
"385","PY-OZ",0
"386","HO-LZ",0
"387","CP-WZ",0
"388","OW-AZ",0
"389","KYH-OZ",0
"390","KPL-SZ",0
"391","KOG-OZ",0
"392","KGW-HZ",0
"393","KPW-LZ",0
"394","KYB-YZ",0
"395","KAO-YZ",0
"396","KLP-HZ",0.25
"397","KCL-GZ",0
"398","AZ-YL",0
"399","HS-GZ",0
"400","KPW-WZ",0
"401","-ZPB",0
"402","-ZWG",0.0625
"403","-ZAP",0.0625
"404","-ZLP",0.25
"405","S-ZG",0
"406","-ZHL",0
"407","G-PZ",0
"408","-ZCY",0
"409","-ZBO",0
"410","-ZPH",0
"411","-ZLG",0
"412","-ZSA",0
"413","-ZOY",0
"414","-ZBB",0
"415","-ZYS",0
"416","-ZWP",0
"417","-ZOG",0
"418","-ZBY",0
"419","ZSP-",0
"420","-ZOC",0
"421","-ZWH",0.03125
"422","-ZLO",0.03125
"423","-ZLB",0
"424","-ZWS",0
"425","-ZCB",0
"426","-ZBL",0
"427","B-ZY",0
"428","-ZYA",0
"429","KKY-WZ",0
"430","ZA-KBY",0
"431","WZ-KAY",0
"432","KYB-ZK",0
"433","CO-Z",0
"434","WL-Z",0
"435","OY-Z",0
"436","GL-Z",0
"437","SY-Z",0
"438","PS-Z",0
"439","HC-Z",0
"440","BL=Z",0
"441","WC-Z",0.03125
"442","GH-Z",0.03125
"443","BB-Z",0
"444","LS-Z",0
"445","PH-Z",0
"446","AO-Z",0
"447","WB-Z",0
"448","PO-Z",0
"449","PB-Z",0
"450","LO=Z",0
"451","GB=Z",0
"452","WH-Z",0
"453","AP-Z",0
"454","BP-Z",0
"455","GS=Z",0
"456","SO-Z",0
"457","CA-Z",0
"458","OL-Z",0
"459","WZ-KOW",0
"460","KBP-ZG",0
"461","Z-YWA",0
"462","Z-YOH",0
"463","Z-YBS",0
"464","Z-YWG",0
"465","Z-YLW",0
"466","Z-YCH",0
"467","Z-YPG",0
"468","Z-YOA",0
"469","Z-YBW",0
"470","Z-YOY",0
"471","Z-YLO",0.03125
"472","Z-YSP",0.03125
"473","Z-YWC",0
"474","Z-YLB",0
"475","483",0
"476","Z-YHA",0
"477","Z-YAB",0
"478","Z-YCG",0.125
"479","Z-YKP",0
"480","Z-YAG",0
"481","Z-YHB",0
"482","Z-YLC",0.015625
"483","Z-YGH",0
"484","Z-YWO",0
"485","SHW-Z",0
"486","SGO-Z",0
"487","S-Z",0
"488","SGA-Z",0
"489","SPL-Z",0
"490","SKL-Z",0
"491","SPY-Z",0
"492","SAW-Z",0
"493","SHA-Z",0
"494","SOP-Z",0
"495","SKH-Z",0
"496","SOB-Z",0
"497","SHL-Z",0.015625
"498","SLK-Z",0
"499","SLG-Z",0
"500","SGS-Z",0
"501","SCB-Z",0
"502","SP-Z",0
"503","SBL-Z",0.0703125
"504","Z-SHH",0
"505","ZK-YHG",0
"506","WZ-YKA",0
"507","ZG-YYF",0
"508","YBP-ZF",0
"509","YGB-WZ",0
"510","YYH-GZ",0
"511","Z-HGW",0
"512","Z-HPL",0.0703125
"513","HGS-Z",0
"514","Z-HYK",0
"515","Z-HAS",0
"516","Z-HLY",0
"517","Z-HBH",0
"518","Z-HAG",0
"519","Z-HCC",0
"520","Z-HWL",0
"521","Z-HAB",0
"522","Z-HBL",0
"523","Z-HYP",0
"524","Z-HLG",0
"525","Z-HPB",0
"526","Z-HYA",0
"527","Z-HKO",0.03125
"528","Z-HOP",0.03125
"529","Z-HHG",0
"530","Z-HOW",0.015625
"531","Z-HWP",0.0625
"532","Z-HSA",0.0625
"533","HbZ-BOK",0
"534","AGP-Z",0
"535","AYH-Z",0
"536","AHA-Z",0
"537","ABL-Z",0
"538","AWL-Z",0.03125
"539","AKP-Z",0.03125
"540","AHG-Z",0.0703125
"541","AOW-Z",0.0703125
"542","ALG-Z",0
"543","ABC-Z",0
"544","AWA-Z",0
"545","AOK-Z",0
"546","AHW-Z",0
"547","APH-Z",0
"548","ABW-Z",0
"549","APL-Z",0
"550","AHO-Z",0.0625
"551","AAA-Z",0
"552","ALO-Z",0
"553","ABY-Z",0
"554","AWG-Z",0.0625
"555","AKB-Z",0
"556","ACA-Z",0.25
"557","ASL-Z",0
"558","ALL-Z",0.0703125
"559","ABA-Z",0
"560","GGG-LZ",0
"561","PBY-FZ",0
"562","OAG-HZ",0
"563","HOO-GZ",0
"564","FZ-FAF",0
"565","YHB-AZ",0
"566","BW-OWW",0
"567","PAP-ZG",0
"568","WZ-OLO",0
"569","GZ-WWL",0
"570","Z-WGA",0
"571","Z-WYP",0
"572","Z-WBL",0.03125
"573","Z-WSH",0.03125
"574","Z-WHL",0
"575","Z-WWW",0.0703125
"576","Z-WAK",0.0703125
"577","Z-WLO",0
"578","Z-WPS",0
"579","Z-WGG",0
"580","Z-WKW",0
"581","Z-WHW",0
"582","Z-WLK",0.078125
"583","Z-WPC",0
"584","Z-WBY",0
"585","Z-WGC",0
"586","Z-WOK",0
"587","Z-WLY",0
"588","Z-WOP",0
"589","Z-WGH",0
"590","Z-WGL",0.015625
"591","Z-WKB",0
"592","Z-WBB",0
"593","Z-WAH",0.0703125
"594","Z-WSK",0
"595","Z-WOL",0
"596","Z-WOB",0
"597","Z-WOO",0
"598","Z-WGB",0
"599","Z-WYA",0.0078125
"600","Z-WCH",0
"601","Z-WCA",0.0625
"602","Z-WLA",0.0625
"603","Z-WAY",0.03125
"604","GWH-YZ",0
"605","GOK-Z",0.28515625
"606","GLY-Z",0.28515625
"607","GBP-Z",0.015625
"608","GOC-Z",0.015625
"609","GSH-Z",0
"610","GLO-Z",0
"611","GSW-Z",0
"612","GKL-Z",0.03125
"613","GPG-Z",0.0625
"614","GBA-Z",0.0625
"615","GYH-Z",0.16796875
"616","GPH-Z",0
"617","GYK-Z",0
"618","GKH-Z",0
"619","GOS-Z",0
"620","GLC-Z",0
"621","GGA-Z",0
"622","GOG-Z",0
"623","GKS-Z",0
"624","GWC-Z",0
"625","GLB-Z",0
"626","GYB-Z",0
"627","Z-GWA",0
"628","GPS-Z",0.015625
"629","GYL-Z",0
"630","GAP-Z",0
"631","GOY-Z",0
"632","GHO-Z",0
"633","GCW-Z",0.0078125
"634","GPW-Z",0.06640625
"635","GHB-Z",0.06640625
"636","GGY-Z",0
"637","GSY-Z",0
"638","GAP=Z",0
"639","GCL-Z",0
"640","GAS-Z",0
"641","GCP-Z",0
"642","GWK-Z",0
"643","G-Z",0
"644","GYP-Z",0
"645","GHL-Z",0
"646","Z-CGH",0
"647","Z-CGA",0
"648","Z-CAH",0
"649","Z-COP",0
"650","Z-COW",0
"651","Z-COA",0
"652","Z-COB",0
"653","Z-COY",0
"654","Z-CPK",0
"655","Z-CAS",0
"656","Z-CGC",0.015625
"657","Z-CGK",0.015625
"658","Z-CAL",0.06640625
"659","Z-CWK",0.06640625
"660","Z-CHO",0
"661","Z-CHL",0
"662","Z-CGW",0.0078125
"663","Z-CWP",0
"664","Z-CBS",0
"665","Z-CBK",0.16796875
"666","Z-CGB",0
"667","Z-CGO",0
"668","Z-CHW",0.0625
"669","Z-CPL",0.0625
"670","Z-CWL",0
"671","Z-CWA",0.03125
"672","Z-CAP",0.0390625
"673","Z-CYK",0.0390625
"674","Z=COB",0.0390625
"675","Z-CKH",0
"676","Z-CKB",0
"677","Z-CKA",0
"678","CWH-Z",0
"679","Z-CSS",0
"680","Z-CLG",0
"681","CP-CZ",0
"682","Z-CLC",0
"683","Z-CGY",0
"684","PAL-Z",0
"685","PKY-Z",0
"686","PKL-Z",0
"687","PAO-Z",0
"688","PCH-Z",0.06640625
"689","PAW-Z",0.06640625
"690","PBA-Z",0
"691","PHL-Z",0
"692","PYG-Z",0.0078125
"693","POP-Z",0
"694","PCK-Z",0
"695","PLW-Z",0
"696","PSP-Z",0.16796875
"697","POG-Z",0.16796875
"698","PBS-Z",0
"699","PGB-Z",0
"700","PAS-Z",0
"701","PLG-Z",0
"702","PPK-Z",0.0390625
"703","PWY-Z",0.0390625
"704","Z-POO",0.0078125
"705","PPY-Z",0.0078125
"706","PAK-Z",0
"707","PBH-Z",0
"708","PWH-Z",0
"709","PBY-Z",0
"710","PAB-Z",0.0029296875
"711","PBB-Z",0
"712","PCL-Z",0
"713","PHO-Z",0
"714","POB-Z",0
"715","AZ-GBO",0
"716","PPO-Z",0
"717","PWG-Z",0
"718","PYP-Z",0.0390625
"719","PPH-Z",0
"720","PYH-Z",0
"721","OBP-OZ",0
"722","BHO-BZ",0
"723","AAL-ZO",0
"724","BGB-OZ",0
"725","ZB-AYP",0
"726","Z-OAO",0.06640625
"727","Z-OPY",0.06640625
"728","Z-OWB",0
"729","Z-OAC",0
"730","Z-OKO",0
"731","Z-OSA",0
"732","Z-OKC",0.0078125
"733","Z-OHG",0.0078125
"734","Z-OBY",0.0390625
"735","Z-OYL",0.00390625
"736","Z-OHH",0.00390625
"737","Z-OOG",0
"738","Z-OWH",0
"739","Z-OGS",0
"740","Z-OLK",0
"741","Z-OCB",0.16796875
"742","Z-OKL",0.16796875
"743","Z-OGL",0.0390625
"744","Z-OYB",0
"745","Z-OBG",0.015625
"746","Z-OSP",0
"747","Z-OCW",0
"748","Z-OOP",0
"749","Z-OSY",0.125
"750","Z-OBL",0
"751","Z-OHW",0
"752","Z-OYO",0.0390625
"753","Z-OYH",0.015625
"754","Z-OKA",0
"755","Z-OBW",0.0234375
"756","Z-OGC",0
"757","Z-OAB",0
"758","Z-OWO",0
"759","Z-OPH",0
"760","Z-OBP",0
"761","OKY-Z",0
"762","HZ-HLO",0
"763","ZP-WWK",0
"764","Z-OWL",0
"765","Z-OLY",0
"766","Z-OPL",0
"767","Z-OLA",0
"768","Z-OGP",0
"769","Z-OPS",0
"770","Z-OBH",0.06640625
"771","GZ-HBP",0
"772","HGH-ZB",0
"773","HKA-ZK",0
"774","ZY-HOA",0
"775","BZ-HYB",0
"776","HAB-HZ",0
"777","BOB-Z",0
"778","BLY-Z",0
"779","BLK-Z",0
"780","BWG-Z",0
"781","BOP-Z",0
"782","BPO-Z",0.16796875
"783","BYG-Z",0.16796875
"784","BOL-Z",0
"785","BAW-Z",0
"786","BSY-Z",0
"787","BPA-Z",0
"788","BCH-Z",0
"789","BKY-Z",0.015625
"790","798",0.015625
"791","BWH-Z",0.00390625
"792","BAC-Z",0.00390625
"793","BLG-Z",0
"794","BHS-Z",0
"795","BOY-Z",0.080078125
"796","BOS-Z",0.080078125
"797","BCA-Z",0
"798","BGH-Z",0
"799","BYK-Z",0
"800","BHL-Z",0
"801","BSP-Z",0
"802","BKW-Z",0
"803","BBA-Z",0
"804","BLP-Z",0.017578125
"805","BAG-Z",0
"806","BAO-Z",0.05615234375
"807","BWO-Z",0.06640625
"808","BLO-Z",0.125
"809","BHH-Z",0.125
"810","BAB-Z",0.06640625
"811","BLW-Z",0.06640625
"812","BKH-Z",0
"813","BOK-Z",0
"814","BPY-Z",0
"815","BAY-Z",0
"816","BYS-Z",0
"817","BCW-Z",0
"818","-ZHO",0
"819","O-ZL",0
"820","OO-ZO",0
"821","HS-ZH",0
"822","YA-ZB",0
"823","CW-ZG",0
"824","WG-ZG",0
"825","PP-ZH",0
"826","PC-ZA",0
"827","CG-ZB",0
"828","-LZG",0.0625
"829","838",0
"830","KBY-BZ",0
"831","Z-SKY",0
"832","Z-SAG",0
"833","Z-SOB",0
"834","Z-SHY",0
"835","Z-SAP",0
"836","Z-SAY",0.017578125
"837","Z-SGO",0.017578125
"838","Z-SHB",0
"839","Z-SPY",0
"840","849",0
"841","Z-SWP",0
"842","Z-SAC",0.125
"843","Z-SOS",0
"844","Z-SKA",0
"845","Z-SBH",0
"846","Z-SWO",0.009765625
"847","Z-SYK",0.080078125
"848","Z-SGY",0.015625
"849","Z-SCB",0
"850","Z-SHA",0
"851","Z-SSY",0
"852","861",0
"853","Z-SWH",0.02294921875
"854","Z-SKW",0.043701171875
"855","Z-SWG",0
"856","Z-SKC",0
"857","Z-SYY",0.0712890625
"858","Z-SGA",0.06640625
"859","Z-SPC",0.06640625
"860","Z-SHP",0
"861","Z-SCO",0.0078125
"862","Z-SBK",0.0078125
"863","Z-SAO",0.00341796875
"864","Z-SSH",0
"865","Z-SCW",0
"866","Z-SYP",0.015625
"867","Z-SPA",0.015625
"868","Z-SCS",0
"869","Z-SBW",0.16796875
"870","Z-SSK",0
"871","BZ-OKW",0
"872","OZ-OGY",0
"873","OZ-OOK",0
"874","YZ-OKL",0
"875","GZ-OOK",0
"876","BZ-OYK",0
"877","886",0
"878","YOW-Z",0
"879","YAS-Z",0
"880","YAP-Z",0.017578125
"881","YBH-Z",0.017578125
"882","YGY-Z",0
"883","YBO-Z",0
"884","YHB-Z",0
"885","YWS-Z",0
"886","YCG-Z",0.125
"887","YKO-Z",0.125
"888","YAY-Z",0.16796875
"889","YWB-Z",0.16796875
"890","YKA-Z",0
"891","YYG-Z",0.043701171875
"892","YKY-Z",0
"893","YHP-Z",0
"894","903",0
"895","YOG-Z",0
"896","YAO-Z",0
"897","YPW-Z",0
"898","YAH-Z",0
"899","YPB-Z",0
"900","YSA-Z",0
"901","YCY-Z",0.080078125
"902","YOO-Z",0.080078125
"903","YGW-Z",0
"904","YAG-Z",0
"905","COB-Z",0
"906","CAP-Z",0.015625
"907","YWW-Z",0.0712890625
"908","YOB-Z",0.02294921875
"909","YKH-Z",0.02294921875
"910","YYB-Z",0.0625
"911","YCO-Z",0.0625
"912","YSK-Z",0
"913","YPG-Z",0
"914","YBB-Z",0
"915","924",0
"916","YHK-Z",0.015625
"917","YCB-Z",0
"918","927",0
"919","YGO-Z",0.06640625
"920","YSH-Z",0.06640625
"921","YWG-Z",0
"922","YGG-Z",0.0078125
"923","Z-AYG",0
"924","Z-ABA",0
"925","Z-ASH",0
"926","Z-AOW",0
"927","Z-AHA",0.16796875
"928","Z-AGO",0.16796875
"929","Z-AYY",0.16796875
"930","941",0.154052734375
"931","Z-AHG",0.154052734375
"932","Z-ABO",0
"933","Z-AWY",0
"934","Z-ASK",0.015625
"935","Z-ABY",0
"936","Z-AOY",0
"937","Z-AKA",0
"938","Z-AKO",0
"939","Z-AYB",0.00390625
"940","Z-AGS",0.00390625
"941","Z-AWB",0.02294921875
"942","Z-AKH",0.0625
"943","Z-AGK",0.0625
"944","Z-AAO",0.06640625
"945","Z-AHH",0.06640625
"946","Z-AKY",0.06640625
"947","Z-ASS",0.00390625
"948","Z-ASG",0
"949","Z-AAY",0
"950","Z-AOB",0.0078125
"951","Z-AWH",0.0078125
"952","Z-AGY",0
"953","964",0
"954","Z-AGA",0
"955","Z-AHO",0
"956","967",0
"957","Z-AYO",0.00146484375
"958","Z-AAK",0
"959","Z-AOS",0
"960","Z-AHY",0
"961","Z-ASO",0
"962","Z-ABH",0
"963","Z-AWG",0
"964","Z-AOG",0.0009765625
"965","Z-AWO",0.043701171875
"966","Z-ABW",0.02734375
"967","Z-AKW",0
"968","Z-AAB",0
"969","Z-AYS",0.017578125
"970","Z-AHW",0.017578125
"971","Z-ABS",0
"972","Z-ASA",0
"973","HOO-Z",0
"974","HOP-Z",0
"975","HAG-Z",0
"976","HHH-Z",0
"977","HOW-Z",0
"978","HPY-Z",0.001708984375
"979","HGA-Z",0.001708984375
"980","HAH-Z",0.0009765625
"981","HBW-Z",0.0009765625
"982","HBB-Z",0.017578125
"983","HSH-Z",0
"984","HHG-Z",0
"985","HKP-Z",0
"986","HAY-Z",0.16796875
"987","HOG-Z",0.16796875
"988","HAK-Z",0
"989","HSP-Z",0
"990","HYA-Z",0.00146484375
"991","HYB-Z",0.00146484375
"992","HYO-Z",0.0625
"993","HBP-Z",0.0625
"994","HWH-Z",0.043701171875
"995","HSS-Z",0.0029296875
"996","HWB-Z",0.043701171875
"997","Z-HWW",0.041259765625
"998","HGW-Z",0.00830078125
"999","HWA-Z",0.00830078125
"1000","HSA-Z",0
"1001","HHA-Z",0
"1002","HPW-Z",0
"1003","HYY-Z",0.020263671875
"1004","HKW-Z",0.0078125
"1005","HWG-Z",0.02294921875
"1006","HKO-Z",0.02294921875
"1007","HYW-Z",0
"1008","HGO-Z",0
"1009","HOY-Z",0.0712890625
"1010","A-Z",0.0712890625
"1011","HGG-Z",0.0205078125
"1012","HPP-Z",0
"1013","HHO-Z",0.0634765625
"1014","HKY-Z",0.0634765625
"1015","HGH-Z",0
"1016","HYG-Z",0
"1017","HKH-Z",0.00390625
"1018","HHW-Z",0.0009765625
"1019","1032",0
"1020","1033",0
"1021","HSG-Z",0
"1022","HOA-Z",0
"1023","HSY-Z",0.00787353515625
"1024","HAA-Z",0
"1025","HAS-Z",0.017578125
"1026","HGY-Z",0.017578125
"1027","HYP-Z",0
"1028","1042",0.05419921875
"1029","GYG-YZ",0
"1030","Z-GAB",0
"1031","Z-GOO",0
"1032","Z-GOW",0.0009765625
"1033","Z-GYA",0.0009765625
"1034","Z-GKY",0.017578125
"1035","Z-GBG",0.017578125
"1036","Z-GYO",0
"1037","Z-GWB",0
"1038","Z-GAK",0
"1039","Z-GOB",0
"1040","Z-GGA",0
"1041","Z-GOG",0
"1042","Z-GBY",0
"1043","Z-GWY",0.00390625
"1044","Z-GOK",0.00390625
"1045","Z-GKB",0.00390625
"1046","Z-GBB",0.041259765625
"1047","Z-GYY",0.041259765625
"1048","Z-GAO",0
"1049","Z-GYB",0
"1050","Z-GOY",0
"1051","Z-GWW",0
"1052","Z-GOA",0
"1053","Z-GWK",0.0009765625
"1054","Z-GAY",0.16796875
"1055","Z-GBW",0.16796875
"1056","Z-GKG",0
"1057","GYG-Z",0.00390625
"1058","Z-GGG",0
"1059","Z-GWO",0
"1060","Z-GYW",0
"1061","Z-GBK",0
"1062","1076",0.0634765625
"1063","1077",0.0634765625
"1064","Z-GGO",0.00830078125
"1065","Z-GBA",0
"1066","1080",0
"1067","Z-GKO",0
"1068","Z-GGW",0.001953125
"1069","Z-GAG",0.0078125
"1070","Z-GWG",0
"1071","Z-GAA",0.043701171875
"1072","Z-GRG",0.020263671875
"1073","Z-GAR",0.020263671875
"1074","Z-GKA",0
"1075","1089",0
"1076","1090",0.05419921875
"1077","GKK-Z",0.0625
"1078","Z-GRO",0.0625
"1079","Z-GGK",0
"1080","Z-GKW",0.01123046875
"1081","Z-GGY",0.0703125
"1082","Z-GAW",0
"1083","Z-GGB",0.0205078125
"1084","Z-GYK",0
"1085","WOW-Z",0.00390625
"1086","WAA-Z",0.00390625
"1087","WYK-Z",0.0078125
"1088","WKB-Z",0
"1089","WYW-Z",0
"1090","WGB-Z",0
"1091","WKG-Z",0
"1092","WWB-Z",0.13427734375
"1093","WOG-Z",0.017578125
"1094","WYY-Z",0.017578125
"1095","WAK-Z",0
"1096","WGY-Z",0.05419921875
"1097","WWO-Z",0.05419921875
"1098","WGO-Z",0
"1099","WBY-Z",0
"1100","WAB-Z",0
"1101","1117",0
"1102","WOK-Z",0.005859375
"1103","1119",0.005859375
"1104","WRY-Z",0.005859375
"1105","WYA-Z",0.16796875
"1106","WBB-Z",0
"1107","WKO-Z",0
"1108","WYB-Z",0.0625
"1109","WBO-Z",0.0625
"1110","WWG-Z",0
"1111","WWA-Z",0.007171630859375
"1112","WKK-Z",0.007171630859375
"1113","WGG-Z",0.0634765625
"1114","WAY-Z",0
"1115","WGW-Z",0
"1116","WAG-Z",0.0009765625
"1117","WOA-Z",0.0009765625
"1118","WKA-Z",0.076904296875
"1119","WOB-Z",0.0205078125
"1120","WGK-Z",0.0078125
"1121","WAO-Z",0.0078125
"1122","WBK-Z",0.0521240234375
"1123","WBG-Z",0
"1124","WWY-Z",0
"1125","WOO-Z",0.05419921875
"1126","WWK-Z",0.01123046875
"1127","WOY-Z",0
"1128","WBW-Z",0
"1129","WGA-Z",0.0455322265625
"1130","WAW-Z",0.11395263671875
"1131","WYO-Z",0.11395263671875
"1132","WBA-Z",0.00390625
"1133","WYG-Z",0.031005859375
"1134","WKW-Z",0.00048828125
"1135","WKY-Z",0.0029296875
"1136","WRB-Z",0.043701171875
"1137","WRK-Z",0.020263671875
"1138","1154",0.0455322265625
"1139","WRG-Z",0.01025390625
"1140","WOR-Z",0.041259765625
"1141","1157",0.041259765625
"1142","WYR-Z",0.00830078125
"1143","BZ-HOW",0
"1144","Z-BBB",0.0078125
"1145","Z-BAO",0.00390625
"1146","Z-BYO",0.00390625
"1147","Z-BWG",0.00390625
"1148","Z-BAY",0
"1149","Z-BYG",0
"1150","Z-BWK",0.0009765625
"1151","Z-BGA",0.0009765625
"1152","Z-BWB",0.05419921875
"1153","Z-BOG",0.05419921875
"1154","Z-BBK",0.020263671875
"1155","Z-BOA",0.11395263671875
"1156","Z-BYY",0.11395263671875
"1157","Z-BOB",0.13427734375
"1158","Z-BKW",0
"1159","Z-BAG",0
"1160","Z-BOY",0.05419921875
"1161","Z-BGG",0.01220703125
"1162","Z-BAA",0.01220703125
"1163","Z-BKO",0.005859375
"1164","Z-BGY",0.005859375
"1165","Z-BYA",0.041259765625
"1166","Z-BBY",0.041259765625
"1167","Z-BKB",0
"1168","Z-BWW",0
"1169","Z-BKG",0.076904296875
"1170","Z-BOO",0
"1171","Z-BKY",0.0078125
"1172","Z-BBW",0.0078125
"1173","Z-BYK",0.0625
"1174","Z-BGB",0.0625
"1175","Z-BBO",0
"1176","Z-BAK",0.0455322265625
"1177","Z-BYB",0.007171630859375
"1178","Z-BGO",0
"1179","Z-BKK",0
"1180","Z-BWO",0
"1181","Z-BWA",0.031005859375
"1182","Z-BBG",0.031005859375
"1183","Z-BOK",0
"1184","BWY-Z",0
"1185","Z-BOW",0.017578125
"1186","Z-BAW",0.017578125
"1187","Z-BYW",0
"1188","Z-BAB",0
"1189","Z-BGK",0
"1190","Z-BGW",0.0185546875
"1191","Z-BOR",0.00048828125
"1192","Z-BRO",0
"1193","1210",0
"1194","1211",0.043701171875
"1195","1212",0.043701171875
"1196","1213",0.01123046875
"1197","1214",0
"1198","1215",0
"1199","Z-BYR",0.0521240234375
"1200","1217",0.001953125
"1201","Z-BGR",0.13427734375
"1202","Z-BRY",0.13427734375
"1203","FemaleID_1",0
"1204","FemaleID_2",0
"1205","FemaleID_4",0
"1206","FemaleID_3",0
"1207","MaleID_2",0
"1208","FemaleID_5",0
"1209","MaleID_3",0
"1210","MaleID_1",0
